ANIO;MES;AREA;ESTRATO;LLAVE_PANEL;CONGLOMERADO;MUESTRA;SELVIV;HOGAR;C201;C203;C204;C205;C206;C207;C208;C300n;NROINF;C301_DIA;C301_MES;C301_ANIO;C303;C304;C305;C306_1;C306_2;C306_3;C306_4;C306_5;C306_6;C306_7;C306_8;C306_9;C306_10;C306_10A;C306_11;C306A;C308_COD;C309_COD;C310;C311;C312;C313;C317;C317A;C318_1;C318_2;C318_3;C318_4;C318_5;C318_6;C318_7;C318_T;C328_T;whoraT;C330;C331;C333;C334;P209H;C335;C338;C339_1;C341_T;C342;C344;C345_1;C347_T;C348;C350;C352;C353;C354;C355;C356;C357_I;C358;C359;C361_1;C362_1;C361_2;C362_2;C361_3;C362_3;C361_4;C362_4;C361_5;C362_5;C361_6;C362_6;C361_7;C362_7;C361_8;C362_8;C364_1;C365_1;C364_2;C365_2;C364_3;C365_3;C364_4;C365_4;C366;C366_1;C366_2;C375_1;C375_2;C375_3;C375_4;C375_5;C375_6;C376;C377;OCUP300;D341_T;D344;D347_T;D350;D351_T;I339_1;I342;I345_1;I348;INGTOT;INGTOTP;ingtrabw;RESIDENT;FAC_T300
2023;4;1;1;2.02E+22;17407;1;128;1;1;1;1;2; ;2;21;1;1;22;7;2001;1; ; ; ; ; ; ; ; ; ; ; ; ; ; ; ;4222;8220;3;5;1; ;4;300;0;10;10;10;10;10;0;50; ;50;1; ;2; ;2;2;4;1800; ; ; ; ; ; ; ; ; ; ; ; ; ; ;1;1;1;2; ;2; ;2; ;2; ;2; ;2; ;2; ;1;1;2; ;2; ;2; ;6;5; ;2;2;2;2;2;2;10;7;1; ; ; ; ;459;1800; ; ; ;1800;1800;2259;1;460.052.689.467.194
2023;4;1;1;2.02E+22;47172;1;37;1;2;1;1;2; ;1;43;2;2;17;5;1979;1; ; ; ; ; ; ; ; ; ; ; ; ; ; ; ;9313;4100;3;5;3;2;1;5;0;9;9;9;9;9;9;54; ;54;1; ;2; ;2;2;2;480; ; ; ; ; ; ; ; ; ; ; ; ; ; ;1;2; ;2; ;2; ;2; ;1;5;2; ;2; ;2; ;2; ;2; ;2; ;2; ;6;5; ;2;2;2;2;2;2;10;7;1; ; ; ; ; ;2078; ; ; ;2078;2078;2078;1;810.758.057.340.368
2023;4;1;1;2.02E+22;47172;1;37;1;1;2;1;2; ;2;46;1;1;8;2;1977;1; ; ; ; ; ; ; ; ; ; ; ; ; ; ; ;9533;4799;2; ;3;2;1;1;0;1;1;1;1;1;1;6; ;6;1; ;1;2;2;2; ; ; ;800;60; ; ; ; ; ; ; ; ; ; ; ;1;2; ;2; ;2; ;2; ;1;5;2; ;2; ;2; ;2; ;2; ;2; ;2; ;6;5; ;2;2;2;2;2;2;10;1;1; ;60; ; ; ; ;780; ; ;840;840;840;1;605.125.076.939.324
2023;4;1;1;2.02E+22;47172;1;37;1;3;3;1;2; ;1;21;3;3;24;11;2001;1; ; ; ; ; ; ; ; ; ; ; ; ; ; ; ;5141;9602;3;5;2;2;1;3;8;7;7;7;7;7;7;50;10;60;1; ;2; ;2;2;1;60; ; ; ;779;8; ; ; ; ; ; ; ; ; ;1;2; ;2; ;2; ;2; ;1;5;2; ;2; ;2; ;2; ;2; ;2; ;2; ;6;5; ;2;2;2;2;2;2;10;7;1; ; ;240; ; ;1800; ;779; ;2819;1800;2819;1;781.954.910.686.981
2023;4;1;1;2.02E+22;47172;1;37;1;4;3;1;2; ;2;10; ; ; ; ; ; ; ; ; ; ; ; ; ; ; ; ; ; ; ; ; ; ; ; ; ; ; ; ; ; ; ; ; ; ; ; ; ; ; ; ; ; ; ; ; ; ; ; ; ; ; ; ; ; ; ; ; ; ; ; ; ; ; ; ; ; ; ; ; ; ; ; ; ; ; ; ; ; ; ; ; ; ; ; ; ; ; ; ; ; ; ; ; ; ; ; ; ; ; ; ; ; ; ; ; ; ; ; ; ; ;1; 
2023;4;1;1;2.02E+24;2985501;1;17;1;1;1;1;2; ;2;51;1;1;14;12;1971;1; ; ; ; ; ; ; ; ; ; ; ; ; ; ; ;9111;9700;6; ; ; ;1;2;0;6;0;0;6;0;0;12;6;18;1; ;1;1;1;2;2;140;40; ; ;210; ; ; ; ; ; ; ; ; ; ;1;1;4;2; ;2; ;2; ;2; ;2; ;2; ;2; ;2; ;2; ;2; ;2; ;6;5; ;2;2;2;2;2;2;10;7;1;173; ; ; ; ;606; ;210; ;989;779;989;1;581.188.860.964.625
2023;4;1;1;2.02E+24;2985501;1;17;1;2;3;1;2; ;1;17;2;2;26;5;2005;2;2;2;2;2;2;2;2;2;2;2;2;2;2;2;2; ; ; ; ; ; ; ; ; ; ; ; ; ; ; ; ; ; ; ; ; ; ; ; ; ; ; ; ; ; ; ; ; ;2;4;1;2; ; ; ;1;1;4;2; ;2; ;2; ;2; ;2; ;2; ;2; ;2; ;2; ;2; ;2; ;6;5; ;2;2;2;2;2;2;10;7;4; ; ; ; ; ; ; ; ; ; ; ; ;1;751.024.046.411.203
2023;4;1;1;2.02E+24;2985501;1;17;1;3;3;1;2; ;1;15;3;3;2;1;2008;1; ; ; ; ; ; ; ; ; ; ; ; ; ; ; ;9111;9700;6; ; ; ;1;2;0;4;4;4;4;4;4;24; ;24;1; ;2; ;2;2;2;70; ; ; ; ; ; ; ; ; ; ; ; ; ; ;1;1;4;2; ;2; ;2; ;2; ;2; ;2; ;2; ;2; ;2; ;2; ;2; ;5;3; ;2;2;2;2;2;2;10;7;1; ; ; ; ; ;303; ; ; ;303;303;303;1;751.024.046.411.203
2023;4;1;1;2.02E+22;17965;1;98;1;1;1;1;2; ;1;63;1;1;8;7;1959;1; ; ; ; ; ; ; ; ; ; ; ; ; ; ; ;7222;2511;2; ;3;2;1;1;0;5;5;0;0;5;6;21; ;35;2;35;1;1;1;2; ; ; ;1300; ; ; ; ; ; ; ; ; ; ; ; ;1;1;2;2; ;2; ;2; ;2; ;2; ;2; ;2; ;2; ;1;2;2; ;2; ;5;3; ;2;2;2;2;2;2;10;7;1; ; ; ; ; ; ;1300; ; ;1300;1300;1300;1;302.681.524.708.679
2023;4;1;1;2.02E+22;17871;1;86;1;1;1;1;2; ;2;84;1;1;25;12;1938;2;2;2;2;2;2;2;2;2;2;2;2;2;2;2;2; ; ; ; ; ; ; ; ; ; ; ; ; ; ; ; ; ; ; ; ; ; ; ; ; ; ; ; ; ; ; ; ; ;2;6;1;2; ; ; ;1;1;4;2; ;2; ;2; ;2; ;2; ;2; ;2; ;2; ;2; ;2; ;2; ;4;5; ;2;2;2;2;2;2;10;7;4; ; ; ; ; ; ; ; ; ; ; ; ;1;206.713.390.071.077
2023;4;1;1;2.02E+22;17871;1;86;1;2;3;1;2; ;1;43;2;2;21;4;1979;1; ; ; ; ; ; ; ; ; ; ; ; ; ; ; ;7212;3315;2; ;2;2;1;1;0;8;8;5;5;8;0;34; ;34;1; ;1;1;1;2; ; ; ;1200; ; ; ; ; ; ; ; ; ; ; ; ;1;2; ;2; ;2; ;2; ;1;5;2; ;2; ;2; ;2; ;2; ;2; ;2; ;9;3; ;2;2;2;2;2;2;10;7;1; ; ; ; ; ; ;1200; ; ;1200;1200;1200;1;276.958.521.381.974
2023;4;1;1;2.02E+22;24715;1;33;1;1;1;1;2; ;1;52;1;2;27;3;1971;2;2;2;2;2;2;2;2;2;2;2;2;2;2;2;2; ; ; ; ; ; ; ; ; ; ; ; ; ; ; ; ; ; ; ; ; ; ; ; ; ; ; ; ; ; ; ; ; ;2;5;1;1;7; ; ;1;2; ;2; ;2; ;2; ;1;5;2; ;2; ;2; ;2; ;2; ;2; ;2; ;6;5; ;2;2;2;2;2;2;10;7;3; ; ; ; ; ; ; ; ; ; ; ; ;1;124.171.261.410.855
2023;4;1;1;2.02E+22;24715;1;33;1;2;6;1;2; ;2;82;2;2;8;2;1941;2;2;2;2;2;2;2;2;2;2;2;2;2;2;2;2; ; ; ; ; ; ; ; ; ; ; ; ; ; ; ; ; ; ; ; ; ; ; ; ; ; ; ; ; ; ; ; ; ;2;5;2; ; ; ; ;1;1;4;2; ;2; ;2; ;2; ;2; ;2; ;2; ;2; ;2; ;2; ;2; ;1; ; ;2;2;2;2;2;2;1;7;4; ; ; ; ; ; ; ; ; ; ; ; ;1;108.501.659.032.575
2023;4;1;1;2.02E+22;47147;1;6;1;1;1;1;2; ;2;82;1;1;23;12;1940;2;2;2;2;2;2;2;2;2;2;2;2;2;2;2;2; ; ; ; ; ; ; ; ; ; ; ; ; ; ; ; ; ; ; ; ; ; ; ; ; ; ; ; ; ; ; ; ; ;2;5;2; ; ; ; ;1;2; ;2; ;2; ;2; ;1;5;2; ;2; ;2; ;2; ;2; ;2; ;2; ;3;4; ;2;2;2;1;2;2;10;7;4; ; ; ; ; ; ; ; ; ; ; ; ;1;65.086.019.327.224
2023;4;1;1;2.02E+22;47147;1;6;1;2;3;1;2; ;1;60;2;2;27;8;1962;2;2;2;2;2;2;2;2;2;2;2;2;2;2;2;2; ; ; ; ; ; ; ; ; ; ; ; ; ; ; ; ; ; ; ; ; ; ; ; ; ; ; ; ; ; ; ; ; ;2;7;2; ; ; ; ;1;2; ;2; ;2; ;2; ;1;5;2; ;2; ;2; ;2; ;2; ;2; ;2; ;3;4; ;2;1;2;2;2;2;10;7;4; ; ; ; ; ; ; ; ; ; ; ; ;1;744.856.179.355.404
2023;4;1;1;2.02E+22;47147;1;6;1;3;3;1;2; ;2;55;3;3;26;9;1967;1; ; ; ; ; ; ; ; ; ; ; ; ; ; ; ;9321;1071;3;5;1; ;3;100;0;8;8;8;8;8;0;40; ;48;2;48;2; ;2;2;4;1025;7; ; ; ; ; ; ; ; ; ; ; ; ; ;1;1;1;2; ;2; ;2; ;2; ;2; ;2; ;2; ;2; ;1;1;2; ;2; ;6;5; ;2;2;2;2;2;2;10;7;1;210; ; ; ;340;1025; ; ; ;1235;1235;1575;1;65.086.019.327.224
2023;4;1;1;2.02E+22;47147;1;6;1;4;5;1;2; ;2;24;4;4;8;5;1998;2;2;2;2;2;2;2;2;2;2;2;2;2;2;2;2; ; ; ; ; ; ; ; ; ; ; ; ; ; ; ; ; ; ; ; ; ; ; ; ; ; ; ; ; ; ; ; ; ;2;5;1;1;6; ; ;1;2; ;2; ;2; ;2; ;1;5;2; ;2; ;2; ;2; ;2; ;2; ;2; ;9;3; ;2;2;2;2;2;2;10;7;4; ; ; ; ; ; ; ; ; ; ; ; ;1;905.984.493.158.185
2023;4;1;1;2.02E+22;47147;1;6;1;5;11;1;2; ;1;26;5;5;24;9;1996;1; ; ; ; ; ; ; ; ; ; ; ; ; ; ; ;8321;4922;2; ;3;2;1;1;5;8;8;8;8;8;8;53; ;53;1; ;2; ;2;2; ; ; ;1200; ; ; ; ; ; ; ; ; ; ; ; ;1;2; ;2; ;2; ;2; ;1;5;2; ;2; ;2; ;2; ;2; ;2; ;2; ;5;3; ;2;2;2;2;2;2;10;7;1; ; ; ; ; ; ;1123; ; ;1123;1123;1123;1;872.034.833.800.963
2023;4;1;1;2.02E+22;47147;1;6;1;6;8;1;2; ;2;7; ; ; ; ; ; ; ; ; ; ; ; ; ; ; ; ; ; ; ; ; ; ; ; ; ; ; ; ; ; ; ; ; ; ; ; ; ; ; ; ; ; ; ; ; ; ; ; ; ; ; ; ; ; ; ; ; ; ; ; ; ; ; ; ; ; ; ; ; ; ; ; ; ; ; ; ; ; ; ; ; ; ; ; ; ; ; ; ; ; ; ; ; ; ; ; ; ; ; ; ; ; ; ; ; ; ; ; ; ; ;1; 
2023;4;1;1;2.02E+22;47147;1;6;1;7;8;1;2; ;1;5; ; ; ; ; ; ; ; ; ; ; ; ; ; ; ; ; ; ; ; ; ; ; ; ; ; ; ; ; ; ; ; ; ; ; ; ; ; ; ; ; ; ; ; ; ; ; ; ; ; ; ; ; ; ; ; ; ; ; ; ; ; ; ; ; ; ; ; ; ; ; ; ; ; ; ; ; ; ; ; ; ; ; ; ; ; ; ; ; ; ; ; ; ; ; ; ; ; ; ; ; ; ; ; ; ; ; ; ; ; ;1; 
2023;4;1;1;2.02E+22;24512;1;22;1;1;1;1;2; ;2;48;1;1;6;1;1975;2;2;2;2;2;2;2;2;2;2;2;2;2;2;2;2; ; ; ; ; ; ; ; ; ; ; ; ; ; ; ; ; ; ; ; ; ; ; ; ; ; ; ; ; ; ; ; ; ;2;5;1;1;6; ; ;1;1;4;2; ;2; ;2; ;2; ;2; ;2; ;2; ;2; ;1;5;2; ;2; ;5;2; ;2;2;2;2;2;2;10;1;4; ; ; ; ; ; ; ; ; ; ; ; ;1;964.704.585.210.062
2023;4;1;1;2.02E+24;2558402;1;155;1;1;1;1;2; ;2;66;1;1;2;2;1957;1; ; ; ; ; ; ; ; ; ; ; ; ; ; ; ;5213;4781;4; ;2;2;1;3;5;8;8;8;8;8;8;53; ;53;1; ;2; ;2; ; ; ; ; ; ; ; ; ; ; ; ; ; ; ; ; ;1;2; ;2; ;2; ;2; ;1;5;2; ;2; ;2; ;2; ;2; ;2; ;2; ;1; ; ;2;2;2;2;2;2;1;1;1; ; ; ; ; ; ; ; ; ;0;0;0;1;588.804.252.335.888
2023;4;1;1;2.02E+24;2558402;1;155;1;2;3;1;2; ;2;49;2;2;24;12;1973;1; ; ; ; ; ; ; ; ; ; ; ; ; ; ; ;5212;4721;2; ;2;2;1;1;5;9;9;9;9;9;9;59; ;59;1; ;2; ;2;2; ; ; ;1549;200; ; ; ; ; ; ; ; ; ; ; ;1;2; ;2; ;2; ;2; ;2; ;2; ;2; ;2; ;2; ;2; ;2; ;2; ;6;5; ;2;2;2;2;2;2;10;7;1; ;300; ; ; ; ;1249; ; ;1549;1549;1549;1;588.804.252.335.888
2023;4;1;1;2.02E+24;2558402;1;155;1;3;3;1;2; ;2;48;3;3;13;2;1975;1; ; ; ; ; ; ; ; ; ; ; ; ; ; ; ;5213;4781;1; ;2;2;1;3;6;9;9;9;9;9;9;60; ;60;1; ;2; ;2;1; ; ; ;2000;303; ; ; ; ; ; ; ; ; ; ; ;1;2; ;2; ;2; ;2; ;1;5;2; ;2; ;2; ;2; ;2; ;2; ;2; ;6;5; ;2;2;2;2;2;2;10;1;1; ;300; ; ; ; ;1931; ; ;2231;2231;2231;1;588.804.252.335.888
2023;4;1;1;2.02E+24;2558402;1;155;1;4;5;1;2; ;1;23;4;4;7;2;2000;1; ; ; ; ; ; ; ; ; ; ; ; ; ; ; ;5213;4781;3;5;2;2;1;3;7;8;8;8;8;8;7;54; ;54;1; ;1;1;1;2;2;200; ; ; ; ; ; ; ; ; ; ; ; ; ; ;1;2; ;2; ;2; ;2; ;2; ;2; ;2; ;2; ;2; ;2; ;2; ;2; ;8;1; ;2;2;2;2;2;2;10;7;1; ; ; ; ; ;866; ; ; ;866;866;866;1;76.086.480.976.162
2023;4;1;1;2.02E+24;2180902;1;39;1;1;1;1;2; ;2;80;1;1;5;1;1943;2;2;2;2;2;2;2;2;2;2;2;2;2;2;2;2; ; ; ; ; ; ; ; ; ; ; ; ; ; ; ; ; ; ; ; ; ; ; ; ; ; ; ; ; ; ; ; ; ;2;5;2; ; ; ; ;1;2; ;2; ;2; ;2; ;1;5;2; ;2; ;2; ;2; ;2; ;2; ;2; ;6;5; ;2;2;2;2;2;2;1;1;4; ; ; ; ; ; ; ; ; ; ; ; ;1;118.182.508.783.054
2023;4;1;1;2.02E+22;23027;1;13;1;1;1;1;2; ;1;32;1;1;24;7;1990;2;1; ; ; ; ; ; ; ; ; ; ; ; ; ; ;4321;2220;3;5;1; ;3;100;0;0;0;0;0;0;0;0; ;66;2;66;2; ;2;2;3;1900;60; ; ; ; ; ; ; ; ; ; ; ; ; ;1;1;1;2; ;2; ;2; ;2; ;2; ;2; ;2; ;1;1;2; ;2; ;2; ;8;2; ;2;2;2;2;2;2;10;7;1;260; ; ; ;882;3800; ; ; ;4060;4060;4942;1;666.118.926.803.243
2023;4;1;1;2.02E+22;23027;1;13;1;2;2;1;2; ;2;30;2;2;31;8;1992;2;2;2;2;2;2;2;2;2;2;2;2;2;2;2;2; ; ; ; ; ; ; ; ; ; ; ; ; ; ; ; ; ; ; ; ; ; ; ; ; ; ; ; ; ; ; ; ; ;2;5;1;2; ; ; ;1;2; ;2; ;2; ;2; ;1;5;2; ;2; ;2; ;1;5;2; ;2; ;2; ;9;3; ;2;2;2;2;2;2;10;7;4; ; ; ; ; ; ; ; ; ; ; ; ;1;660.948.900.524.141
2023;4;1;1;2.02E+22;23027;1;13;1;3;3;1;2; ;2;3; ; ; ; ; ; ; ; ; ; ; ; ; ; ; ; ; ; ; ; ; ; ; ; ; ; ; ; ; ; ; ; ; ; ; ; ; ; ; ; ; ; ; ; ; ; ; ; ; ; ; ; ; ; ; ; ; ; ; ; ; ; ; ; ; ; ; ; ; ; ; ; ; ; ; ; ; ; ; ; ; ; ; ; ; ; ; ; ; ; ; ; ; ; ; ; ; ; ; ; ; ; ; ; ; ; ; ; ; ; ;1; 
2023;4;1;1;2.02E+22;23027;1;13;1;4;6;1;2; ;2;54;4;4;6;8;1968;1; ; ; ; ; ; ; ; ; ; ; ; ; ; ; ;9629;9609;2; ;3;2;1;1;7;9;9;9;9;9;12;64; ;64;1; ;2; ;2;2; ; ; ;600; ; ; ; ; ; ; ; ; ; ; ; ;1;2; ;2; ;2; ;2; ;1;5;2; ;2; ;2; ;2; ;2; ;2; ;2; ;5;1; ;2;2;2;2;2;2;10;5;1; ; ; ; ; ; ;600; ; ;600;600;600;1;497.170.842.994.572
2023;4;1;1;2.02E+22;23027;1;13;1;6;7;1;2; ;2;30;6;6;14;9;1992;2;2;2;2;2;2;2;2;2;2;2;2;2;2;2;2; ; ; ; ; ; ; ; ; ; ; ; ; ; ; ; ; ; ; ; ; ; ; ; ; ; ; ; ; ; ; ; ; ;1; ; ; ; ;5;4;1;1;5;2; ;2; ;2; ;2; ;2; ;2; ;2; ;1;5;2; ;2; ;2; ;6;5; ;2;2;2;2;2;2;10;7;2; ; ; ; ; ; ; ; ; ; ; ; ;1;660.948.900.524.141
2023;4;1;1;2.02E+22;23027;1;13;1;7;8;1;2; ;2;9; ; ; ; ; ; ; ; ; ; ; ; ; ; ; ; ; ; ; ; ; ; ; ; ; ; ; ; ; ; ; ; ; ; ; ; ; ; ; ; ; ; ; ; ; ; ; ; ; ; ; ; ; ; ; ; ; ; ; ; ; ; ; ; ; ; ; ; ; ; ; ; ; ; ; ; ; ; ; ; ; ; ; ; ; ; ; ; ; ; ; ; ; ; ; ; ; ; ; ; ; ; ; ; ; ; ; ; ; ; ;1; 
2023;4;1;1;2.02E+22;23027;1;13;1;5;7;1;2; ;2;12; ; ; ; ; ; ; ; ; ; ; ; ; ; ; ; ; ; ; ; ; ; ; ; ; ; ; ; ; ; ; ; ; ; ; ; ; ; ; ; ; ; ; ; ; ; ; ; ; ; ; ; ; ; ; ; ; ; ; ; ; ; ; ; ; ; ; ; ; ; ; ; ; ; ; ; ; ; ; ; ; ; ; ; ; ; ; ; ; ; ; ; ; ; ; ; ; ; ; ; ; ; ; ; ; ; ; ; ; ; ;1; 
2023;4;1;1;2.02E+22;19753;1;61;1;1;1;1;2; ;2;50;1;1;14;2;1973;1; ; ; ; ; ; ; ; ; ; ; ; ; ; ; ;3314;4773;1; ;1; ;1;3;6;11;11;11;11;11;12;73; ;73;1; ;1;2;2;2; ; ; ;7000; ; ; ; ; ; ; ; ; ; ; ; ;1;1;2;2; ;2; ;2; ;2; ;2; ;2; ;2; ;1;2;2; ;2; ;2; ;8;2; ;2;2;2;2;2;2;10;7;1; ; ; ; ; ; ;7000; ; ;7000;7000;7000;1;643.398.597.993.461
2023;4;1;1;2.02E+22;19753;1;61;1;2;3;1;2; ;2;17;2;2;1;9;2005;2;2;2;2;2;2;2;2;2;2;2;2;2;2;2;2; ; ; ; ; ; ; ; ; ; ; ; ; ; ; ; ; ; ; ; ; ; ; ; ; ; ; ; ; ; ; ; ; ;2;4;2; ; ; ; ;2;1;4;2; ;2; ;2; ;2; ;2; ;2; ;2; ;2; ;2; ;2; ;2; ;6;5; ;2;2;2;2;2;2;10;7;4; ; ; ; ; ; ; ; ; ; ; ; ;1;895.598.100.371.112
2023;4;1;1;2.02E+22;19753;1;61;1;3;7;1;2; ;2;57;3;3;13;1;1966;2;2;2;2;2;2;2;2;2;2;2;2;2;2;2;2; ; ; ; ; ; ; ; ; ; ; ; ; ; ; ; ; ; ; ; ; ; ; ; ; ; ; ; ; ; ; ; ; ;2;5;1;1;6; ; ;1;1;4;2; ;2; ;2; ;2; ;2; ;2; ;2; ;2; ;2; ;2; ;2; ;4;5; ;2;2;2;2;2;2;10;9;4; ; ; ; ; ; ; ; ; ; ; ; ;1;643.398.597.993.461
2023;4;1;1;2.02E+22;28355;1;88;1;1;1;1;2; ;1;78;1;1;26;11;1944;1; ; ; ; ; ; ; ; ; ; ; ; ; ; ; ;8321;4922;2; ;3;2;1;1;3;3;3;3;3;0;0;15; ;21;2;21;2; ;2;2; ; ; ;606; ; ; ; ; ; ; ; ; ; ; ; ;1;1;3;2; ;2; ;2; ;2; ;2; ;2; ;2; ;2; ;1;3;2; ;2; ;3;0; ;2;2;2;2;2;2;10;8;1; ; ; ; ; ; ;570; ; ;570;570;570;1;707.086.349.347.815
2023;4;1;1;2.02E+22;28355;1;88;1;2;3;1;2; ;1;51;2;2;6;8;1971;1; ; ; ; ; ; ; ; ; ; ; ; ; ; ; ;7128;4330;2; ;3;2;1;1;0;0;10;10;0;0;0;20; ;20;1; ;1;1;1;1; ; ; ;1250; ; ; ; ; ; ; ; ; ; ; ; ;1;2; ;2; ;2; ;2; ;1;5;2; ;2; ;2; ;2; ;1;5;2; ;2; ;6;5; ;2;2;2;2;2;2;10;7;1; ; ; ; ; ; ;1220; ; ;1220;1220;1220;1;707.086.349.347.815
2023;4;1;1;2.02E+22;28355;1;88;1;3;3;1;2; ;1;54;3;3;26;1;1969;1; ; ; ; ; ; ; ; ; ; ; ; ; ; ; ;8321;4922;2; ;3;2;1;1;8;8;8;8;6;0;0;38; ;56;2;56;2; ;2;2; ; ; ;1819; ; ; ; ; ; ; ; ; ; ; ; ;1;2; ;2; ;2; ;2; ;1;5;2; ;2; ;2; ;2; ;2; ;2; ;2; ;6;5; ;2;2;2;2;2;2;10;7;1; ; ; ; ; ; ;1768; ; ;1768;1768;1768;1;707.086.349.347.815
2023;4;1;1;2.02E+22;28355;1;88;1;4;5;1;2; ;1;22;4;4;5;12;2000;2;2;2;2;2;2;2;2;2;2;2;2;2;2;2;2; ; ; ; ; ; ; ; ; ; ; ; ; ; ; ; ; ; ; ; ; ; ; ; ; ; ; ; ; ; ; ; ; ;2;4;2; ; ; ; ;1;2; ;2; ;2; ;2; ;1;5;2; ;2; ;2; ;2; ;2; ;2; ;2; ;8;2; ;2;2;2;2;2;2;10;7;4; ; ; ; ; ; ; ; ; ; ; ; ;1;798.406.932.682.048
2023;4;1;3;2.02E+22;17094;1;42;1;1;1;1;2; ;2;36;1;1;31;10;1986;1; ; ; ; ; ; ; ; ; ; ; ; ; ; ; ;9629;4630;3;5;4;3;1;15;0;6;8;8;8;0;0;30; ;30;1; ;1;1;1;2;2;150; ; ; ; ; ; ; ; ; ; ; ; ; ; ;1;2; ;2; ;2; ;2; ;2; ;2; ;2; ;2; ;2; ;2; ;2; ;2; ;9;3; ;2;2;2;2;2;2;10;7;1; ; ; ; ; ;650; ; ; ;650;650;650;1;20.255.914.554.453
2023;4;1;3;2.02E+22;17094;1;42;1;2;3;1;2; ;1;8; ; ; ; ; ; ; ; ; ; ; ; ; ; ; ; ; ; ; ; ; ; ; ; ; ; ; ; ; ; ; ; ; ; ; ; ; ; ; ; ; ; ; ; ; ; ; ; ; ; ; ; ; ; ; ; ; ; ; ; ; ; ; ; ; ; ; ; ; ; ; ; ; ; ; ; ; ; ; ; ; ; ; ; ; ; ; ; ; ; ; ; ; ; ; ; ; ; ; ; ; ; ; ; ; ; ; ; ; ; ;1; 
2023;4;1;3;2.02E+22;17094;1;42;1;3;3;1;2; ;2;6; ; ; ; ; ; ; ; ; ; ; ; ; ; ; ; ; ; ; ; ; ; ; ; ; ; ; ; ; ; ; ; ; ; ; ; ; ; ; ; ; ; ; ; ; ; ; ; ; ; ; ; ; ; ; ; ; ; ; ; ; ; ; ; ; ; ; ; ; ; ; ; ; ; ; ; ; ; ; ; ; ; ; ; ; ; ; ; ; ; ; ; ; ; ; ; ; ; ; ; ; ; ; ; ; ; ; ; ; ; ;1; 
2023;4;1;3;2.02E+22;17094;1;42;2;1;1;1;2; ;2;39;1;1;3;1;1984;1; ; ; ; ; ; ; ; ; ; ; ; ; ; ; ;9411;5610;2; ;3;2;1;1;0;7;7;7;7;7;7;42;18;60;1; ;1;2;2;2; ; ; ;520;10; ; ;606;20; ; ; ; ; ; ; ;1;2; ;2; ;2; ;2; ;2; ;2; ;2; ;2; ;2; ;2; ;2; ;2; ;8;1; ;2;2;2;2;2;2;10;7;1; ;10; ;20; ; ;650; ;606;1286;660;1286;1;20.255.914.554.453
2023;4;1;3;2.02E+22;17094;1;42;2;2;3;1;2; ;1;13; ; ; ; ; ; ; ; ; ; ; ; ; ; ; ; ; ; ; ; ; ; ; ; ; ; ; ; ; ; ; ; ; ; ; ; ; ; ; ; ; ; ; ; ; ; ; ; ; ; ; ; ; ; ; ; ; ; ; ; ; ; ; ; ; ; ; ; ; ; ; ; ; ; ; ; ; ; ; ; ; ; ; ; ; ; ; ; ; ; ; ; ; ; ; ; ; ; ; ; ; ; ; ; ; ; ; ; ; ; ;1; 
2023;4;1;3;2.02E+22;17094;1;42;2;3;3;1;2; ;2;11; ; ; ; ; ; ; ; ; ; ; ; ; ; ; ; ; ; ; ; ; ; ; ; ; ; ; ; ; ; ; ; ; ; ; ; ; ; ; ; ; ; ; ; ; ; ; ; ; ; ; ; ; ; ; ; ; ; ; ; ; ; ; ; ; ; ; ; ; ; ; ; ; ; ; ; ; ; ; ; ; ; ; ; ; ; ; ; ; ; ; ; ; ; ; ; ; ; ; ; ; ; ; ; ; ; ; ; ; ; ;1; 
2023;4;1;3;2.02E+22;17094;1;42;2;4;3;1;2; ;2;8; ; ; ; ; ; ; ; ; ; ; ; ; ; ; ; ; ; ; ; ; ; ; ; ; ; ; ; ; ; ; ; ; ; ; ; ; ; ; ; ; ; ; ; ; ; ; ; ; ; ; ; ; ; ; ; ; ; ; ; ; ; ; ; ; ; ; ; ; ; ; ; ; ; ; ; ; ; ; ; ; ; ; ; ; ; ; ; ; ; ; ; ; ; ; ; ; ; ; ; ; ; ; ; ; ; ; ; ; ; ;1; 
2023;4;1;3;2.02E+22;17094;1;42;3;1;1;1;2; ;2;30;1;1;11;6;1992;1; ; ; ; ; ; ; ; ; ; ; ; ; ; ; ;8321;4922;2; ;3;2;1;1;8;8;8;10;6;10;4;54; ;54;1; ;1;1;1;2; ; ; ;1212; ; ; ; ; ; ; ; ; ; ; ; ;1;2; ;2; ;2; ;2; ;2; ;2; ;2; ;2; ;2; ;2; ;2; ;2; ;6;5; ;2;2;2;2;2;2;10;7;1; ; ; ; ; ; ;1232; ; ;1232;1232;1232;1;174.010.558.570.238
2023;4;1;3;2.02E+22;17094;1;42;3;2;11;1;2; ;2;24;2;2;28;2;1999;1; ; ; ; ; ; ; ; ; ; ; ; ; ; ; ;9629;4630;3;5;4;1;1;10;0;8;8;8;6;6;8;44; ;44;1; ;2; ;2;2;2;350; ; ; ; ; ; ; ; ; ; ; ; ; ; ;1;2; ;2; ;2; ;2; ;2; ;2; ;2; ;2; ;2; ;2; ;2; ;2; ;4; ;6;2;2;2;2;2;2;10;7;1; ; ; ; ; ;1516; ; ; ;1516;1516;1516;1;140.331.357.050.291
2023;4;1;1;2.02E+24;4705302;1;10;1;1;1;1;2; ;2;39;1;1;29;5;1983;1; ; ; ; ; ; ; ; ; ; ; ; ; ; ; ;2221;8412;3;2; ; ;5;9998;0;12;0;12;0;12;0;36; ;36;1; ;2; ;2;2;4;4600; ; ; ; ; ; ; ; ; ; ; ; ; ; ;1;1;1;2; ;2; ;2; ;2; ;2; ;2; ;2; ;1;1;2; ;2; ;2; ;12;2; ;2;2;2;2;2;2;10;1;1; ; ; ; ;100;4600; ; ; ;4600;4600;4700;1;131.079.782.534.036
2023;4;1;1;2.02E+24;4705302;1;10;1;2;2;1;2; ;1;38;2;2;29;4;1984;1; ; ; ; ; ; ; ; ; ; ; ; ; ; ; ;2221;8610;3;2; ; ;5;9998;0;0;12;12;0;12;12;48;36;84;1; ;2; ;2;2;4;4600; ; ; ;3500;45; ; ; ; ; ; ; ; ; ;1;1;1;2; ;1;1;2; ;2; ;2; ;2; ;2; ;1;1;2; ;2; ;2; ;12;2; ;2;2;2;2;2;2;10;7;1; ; ;195; ;730;4600; ;3500; ;8295;4600;9025;1;132.105.105.247.823
2023;4;1;1;2.02E+24;4705302;1;10;1;3;3;1;2; ;1;11; ; ; ; ; ; ; ; ; ; ; ; ; ; ; ; ; ; ; ; ; ; ; ; ; ; ; ; ; ; ; ; ; ; ; ; ; ; ; ; ; ; ; ; ; ; ; ; ; ; ; ; ; ; ; ; ; ; ; ; ; ; ; ; ; ; ; ; ; ; ; ; ; ; ; ; ; ; ; ; ; ; ; ; ; ; ; ; ; ; ; ; ; ; ; ; ; ; ; ; ; ; ; ; ; ; ; ; ; ; ;1; 
2023;4;1;1;2.02E+24;1772003;1;4;1;1;1;1;2; ;2;52;1;1;17;8;1970;1; ; ; ; ; ; ; ; ; ; ; ; ; ; ; ;9111;9700;6; ; ; ;1;2;0;15;15;15;15;15;15;90; ;90;1; ;2; ;2;2;4;1125;25; ; ; ; ; ; ; ; ; ; ; ; ; ;1;1;2;2; ;2; ;2; ;2; ;2; ;2; ;2; ;2; ;2; ;2; ;2; ;5;2; ;2;2;2;2;2;2;1;1;1;750; ; ; ;100;1125; ; ; ;1875;1875;1975;1;223.791.567.760.888
2023;4;1;1;2.02E+24;1772003;1;4;1;2;3;1;2; ;1;32;2;2;13;3;1991;1; ; ; ; ; ; ; ; ; ; ; ; ; ; ; ;9511;4781;2; ;3;2;1;1;0;4;5;4;3;4;6;26; ;26;1; ;2; ;2;2; ; ; ;100; ; ; ; ; ; ; ; ; ; ; ; ;1;2; ;2; ;2; ;2; ;1;5;2; ;2; ;2; ;2; ;2; ;2; ;2; ;6;5; ;2;2;2;2;2;2;10;7;1; ; ; ; ; ; ;100; ; ;100;100;100;1;299.840.187.824.783
2023;4;1;1;2.02E+22;47102;1;46;1;1;1;1;2; ;2;74;1;1;27;9;1948;2;2;2;2;2;2;2;2;2;2;2;2;2;2;2;2; ; ; ; ; ; ; ; ; ; ; ; ; ; ; ; ; ; ; ; ; ; ; ; ; ; ; ; ; ; ; ; ; ;2;6;2; ; ; ; ;1;1;3;2; ;2; ;2; ;2; ;2; ;2; ;2; ;2; ;1;3;2; ;2; ;6;5; ;2;2;2;2;2;2;10;7;4; ; ; ; ; ; ; ; ; ; ; ; ;1;673.594.053.487.285
2023;4;1;1;2.02E+22;47102;1;46;1;2;3;1;2; ;1;46;2;2;1;5;1976;1; ; ; ; ; ; ; ; ; ; ; ; ; ; ; ;3432;7410;2; ;3;2;1;1;0;6;6;6;6;6;6;36; ;36;1; ;2; ;2;2; ; ; ;2000; ; ; ; ; ; ; ; ; ; ; ; ;1;2; ;2; ;2; ;2; ;1;5;2; ;2; ;2; ;2; ;2; ;2; ;2; ;6;5; ;2;2;2;2;2;2;10;7;1; ; ; ; ; ; ;2000; ; ;2000;2000;2000;1;770.873.220.245.006
2023;4;1;1;2.02E+22;20384;1;95;1;1;1;1;2; ;1;38;1;1;11;4;1984;1; ; ; ; ; ; ; ; ; ; ; ; ; ; ; ;1169;2599;3;5;1; ;1;14;0;8;8;8;8;8;6;46; ;46;1; ;2; ;2;2;4;4800; ; ; ; ; ; ; ; ; ; ; ; ; ; ;1;1;1;2; ;2; ;2; ;2; ;2; ;2; ;2; ;1;1;2; ;2; ;2; ;11;5; ;2;2;2;2;2;2;10;1;1; ; ; ; ;1200;4800; ; ; ;4800;4800;6000;1;946.971.169.619.729
2023;4;1;1;2.02E+22;20384;1;95;1;2;6;1;2; ;2;70;2;1;2;8;1952;2;2;2;2;2;2;2;2;2;2;2;2;2;2;2;2; ; ; ; ; ; ; ; ; ; ; ; ; ; ; ; ; ; ; ; ; ; ; ; ; ; ; ; ; ; ; ; ; ;2;5;2; ; ; ; ;2;2; ;2; ;2; ;2; ;2; ;2; ;2; ;2; ;2; ;2; ;2; ;2; ;3;4; ;2;2;2;2;2;2;10;1;4; ; ; ; ; ; ; ; ; ; ; ; ;1;706.790.387.942.936
2023;4;1;1;2.02E+24;2733901;1;59;1;1;1;1;2; ;1;32;1;1;31;7;1990;1; ; ; ; ; ; ; ; ; ; ; ; ; ; ; ;3314;3312;1; ;1; ;1;6;0;6;8;8;8;8;9;47; ;47;1; ;1;1;1;2; ; ; ;4000; ; ; ; ; ; ; ; ; ; ; ; ;1;1;2;1;4;2; ;2; ;2; ;2; ;2; ;2; ;1;2;2; ;2; ;2; ;10;4; ;2;2;2;2;2;2;10;7;1; ; ; ; ; ; ;4000; ; ;4000;4000;4000;1;862.467.351.773.455
2023;4;1;1;2.02E+24;2733901;1;59;1;2;2;1;2; ;2;33;2;2;29;12;1989;1; ; ; ; ; ; ; ; ; ; ; ; ; ; ; ;2634;8521;3;5;1; ;4;120;0;8;8;8;8;8;0;40; ;40;1; ;1;1;1;2;4;4000; ; ; ; ; ; ; ; ; ; ; ; ; ; ;1;1;1;2; ;2; ;2; ;2; ;2; ;2; ;2; ;1;1;2; ;2; ;2; ;11;6; ;2;2;2;2;2;2;10;7;1; ; ; ; ;999;4000; ; ; ;4000;4000;4999;1;855.773.383.633.359
2023;4;1;1;2.02E+24;2733901;1;59;1;3;3;1;2; ;1;2; ; ; ; ; ; ; ; ; ; ; ; ; ; ; ; ; ; ; ; ; ; ; ; ; ; ; ; ; ; ; ; ; ; ; ; ; ; ; ; ; ; ; ; ; ; ; ; ; ; ; ; ; ; ; ; ; ; ; ; ; ; ; ; ; ; ; ; ; ; ; ; ; ; ; ; ; ; ; ; ; ; ; ; ; ; ; ; ; ; ; ; ; ; ; ; ; ; ; ; ; ; ; ; ; ; ; ; ; ; ;1; 
2023;4;1;1;2.02E+22;18410;1;103;1;1;1;1;2; ;2;67;1;1;1;9;1955;2;2;2;2;2;2;2;2;2;2;2;2;2;2;2;2; ; ; ; ; ; ; ; ; ; ; ; ; ; ; ; ; ; ; ; ; ; ; ; ; ; ; ; ; ; ; ; ; ;2;5;2; ; ; ; ;1;1;3;2; ;2; ;2; ;1;5;2; ;2; ;2; ;2; ;1;3;2; ;2; ;9;3; ;2;2;2;2;2;2;10;7;4; ; ; ; ; ; ; ; ; ; ; ; ;1;271.238.659.584.406
2023;4;1;1;2.02E+22;18410;1;103;1;2;3;1;1; ;1;39; ; ; ; ; ; ; ; ; ; ; ; ; ; ; ; ; ; ; ; ; ; ; ; ; ; ; ; ; ; ; ; ; ; ; ; ; ; ; ; ; ; ; ; ; ; ; ; ; ; ; ; ; ; ; ; ; ; ; ; ; ; ; ; ; ; ; ; ; ; ; ; ; ; ; ; ; ; ; ; ; ; ; ; ; ; ; ; ; ; ; ; ; ; ; ; ; ; ; ; ; ; ; ; ; ; ; ; ; ; ;0; 
2023;4;1;1;2.02E+22;18410;1;103;1;5;6;1;2; ;2;83;5;1;23;12;1939;2;2;2;2;2;2;2;2;2;2;2;2;2;2;2;2; ; ; ; ; ; ; ; ; ; ; ; ; ; ; ; ; ; ; ; ; ; ; ; ; ; ; ; ; ; ; ; ; ;2;7;2; ; ; ; ;1;2; ;2; ;2; ;2; ;1;5;2; ;2; ;2; ;2; ;2; ;2; ;2; ;4;5; ;2;2;2;2;2;2;10;6;4; ; ; ; ; ; ; ; ; ; ; ; ;1;271.238.659.584.406
2023;4;1;1;2.02E+22;17666;1;49;1;1;1;1;2; ;2;47;1;1;9;5;1975;1; ; ; ; ; ; ; ; ; ; ; ; ; ; ; ;9411;5610;2; ;3;2;1;3;8;0;8;8;8;8;8;48; ;48;1; ;1;1;1;2; ; ; ;1138;8; ; ; ; ; ; ; ; ; ; ; ;1;1;4;2; ;2; ;2; ;2; ;2; ;2; ;2; ;2; ;2; ;2; ;2; ;6;5; ;2;2;2;2;2;2;10;1;1; ;8; ; ; ; ;1130; ; ;1138;1138;1138;1;236.384.898.754.002
2023;4;1;1;2.02E+22;17666;1;49;1;2;3;1;2; ;2;18;2;2;18;1;2005;2;2;2;2;2;2;2;2;2;2;2;2;1;2;2; ;9412;5610;4; ;3;2;1;3;8;5;0;5;5;5;9;37; ;37;1; ;2; ;2; ; ; ; ; ; ; ; ; ; ; ; ; ; ; ; ; ;2;2; ;2; ;2; ;2; ;2; ;2; ;2; ;2; ;2; ;2; ;2; ;2; ;6;5; ;2;2;2;2;2;2;10;7;1; ; ; ; ; ; ; ; ; ;0;0;0;1;329.043.095.432.193
2023;4;1;1;2.02E+22;17666;1;49;1;3;3;1;2; ;1;15;3;3;1;8;2007;1; ; ; ; ; ; ; ; ; ; ; ; ; ; ; ;9412;5610;4; ;2;2;1;3;0;5;6;0;6;6;0;23; ;35;2;35;1;2;2; ; ; ; ; ; ; ; ; ; ; ; ; ; ; ; ; ;1;2; ;2; ;2; ;2; ;2; ;2; ;2; ;2; ;2; ;2; ;2; ;2; ;5;3; ;2;2;2;2;2;2;10;1;1; ; ; ; ; ; ; ; ; ;0;0;0;1;305.461.365.653.288
2023;4;1;1;2.02E+22;27364;1;18;1;1;1;1;2; ;2;78;1;1;27;11;1944;2;2;2;2;2;2;2;2;2;2;2;2;2;2;2;2; ; ; ; ; ; ; ; ; ; ; ; ; ; ; ; ; ; ; ; ; ; ; ; ; ; ; ; ; ; ; ; ; ;2;8;2; ; ; ; ;1;2; ;2; ;2; ;2; ;1;5;2; ;2; ;2; ;2; ;2; ;2; ;2; ;11;5; ;2;2;2;2;2;2;10;7;4; ; ; ; ; ; ; ; ; ; ; ; ;1;140.674.525.171.063
2023;4;1;1;2.02E+24;2443303;1;26;1;1;1;1;2; ;1;29;1;1;8;9;1993;1; ; ; ; ; ; ; ; ; ; ; ; ; ; ; ;4419;4641;3;5;1; ;1;6;0;8;8;8;8;8;8;48; ;48;1; ;2; ;2;2;4;1600; ; ; ; ; ; ; ; ; ; ; ; ; ; ;1;1;1;2; ;2; ;2; ;2; ;2; ;2; ;2; ;2; ;1;1;2; ;2; ;6;5; ;2;2;2;2;2;2;10;7;1; ; ; ; ;333;1600; ; ; ;1600;1600;1933;1;764.048.350.469.545
2023;4;1;1;2.02E+24;2443303;1;26;1;2;2;1;2; ;2;28;2;2;10;4;1994;1; ; ; ; ; ; ; ; ; ; ; ; ; ; ; ;5212;4771;3;5;1; ;1;3;0;7;7;7;7;7;7;42; ;42;1; ;2; ;2;2;3;600; ; ; ; ; ; ; ; ; ; ; ; ; ; ;1;2; ;2; ;2; ;2; ;1;5;2; ;2; ;2; ;2; ;2; ;2; ;2; ;6;5; ;2;2;2;2;2;2;10;7;1; ; ; ; ; ;1200; ; ; ;1200;1200;1200;1;758.118.253.167.868
2023;4;1;1;2.02E+24;2443303;1;26;1;3;3;1;2; ;1;7; ; ; ; ; ; ; ; ; ; ; ; ; ; ; ; ; ; ; ; ; ; ; ; ; ; ; ; ; ; ; ; ; ; ; ; ; ; ; ; ; ; ; ; ; ; ; ; ; ; ; ; ; ; ; ; ; ; ; ; ; ; ; ; ; ; ; ; ; ; ; ; ; ; ; ; ; ; ; ; ; ; ; ; ; ; ; ; ; ; ; ; ; ; ; ; ; ; ; ; ; ; ; ; ; ; ; ; ; ; ;1; 
2023;4;1;1;2.02E+24;2443303;1;26;1;4;3;1;2; ;2;5; ; ; ; ; ; ; ; ; ; ; ; ; ; ; ; ; ; ; ; ; ; ; ; ; ; ; ; ; ; ; ; ; ; ; ; ; ; ; ; ; ; ; ; ; ; ; ; ; ; ; ; ; ; ; ; ; ; ; ; ; ; ; ; ; ; ; ; ; ; ; ; ; ; ; ; ; ; ; ; ; ; ; ; ; ; ; ; ; ; ; ; ; ; ; ; ; ; ; ; ; ; ; ; ; ; ; ; ; ; ;1; 
2023;4;1;1;2.02E+24;2322301;1;82;1;1;1;1;2; ;1;43;1;1;29;6;1979;1; ; ; ; ; ; ; ; ; ; ; ; ; ; ; ;5223;4711;4; ;3;2;1;3;2;2;2;2;2;2;4;16; ;16;1; ;1;1;1; ; ; ; ; ; ; ; ; ; ; ; ; ; ; ; ; ;1;2; ;2; ;2; ;2; ;1;5;2; ;2; ;2; ;2; ;2; ;2; ;2; ;4; ;6;2;2;2;2;2;2;10;7;1; ; ; ; ; ; ; ; ; ;0;0;0;1;494.272.753.366.664
2023;4;1;1;2.02E+24;2322301;1;82;1;2;2;1;2; ;2;51;2;2;28;11;1971;1; ; ; ; ; ; ; ; ; ; ; ; ; ; ; ;5212;4711;2; ;3;2;1;3;9;9;9;9;9;9;9;63; ;63;1; ;2; ;2;1; ; ; ;700;100; ; ; ; ; ; ; ; ; ; ; ;1;2; ;2; ;2; ;2; ;1;5;2; ;2; ;2; ;2; ;2; ;2; ;2; ;6;5; ;2;2;2;2;2;2;10;7;1; ;100; ; ; ; ;660; ; ;760;760;760;1;368.910.102.344.439
2023;4;1;1;2.02E+24;2322301;1;82;1;3;3;1;2; ;1;27;3;3;18;11;1995;1; ; ; ; ; ; ; ; ; ; ; ; ; ; ; ;9333;4630;3;5;2;1;1;5;0;0;0;0;0;0;5;5;18;23;1; ;1;1;1;1;2;60; ; ; ; ; ; ; ; ; ; ; ; ; ; ;1;2; ;2; ;2; ;2; ;1;5;2; ;2; ;2; ;2; ;2; ;2; ;2; ;10;4; ;2;2;2;2;2;2;10;7;1; ; ; ; ; ;260; ; ; ;260;260;260;1;494.272.753.366.664
2023;4;1;1;2.02E+24;2322301;1;82;1;4;3;1;2; ;2;21;4;4;8;3;2002;2;2;2;2;2;2;2;2;2;2;2;2;2;2;2;2; ; ; ; ; ; ; ; ; ; ; ; ; ; ; ; ; ; ; ; ; ; ; ; ; ; ; ; ; ; ; ; ; ;1; ; ; ; ;5;4;1;2; ;2; ;2; ;2; ;1;4;2; ;2; ;2; ;2; ;2; ;2; ;2; ;8;1; ;2;2;2;2;2;2;10;7;2; ; ; ; ; ; ; ; ; ; ; ; ;1;513.515.553.030.083
2023;4;1;1;2.02E+22;26325;1;8;1;1;1;1;2; ;1;86;1;3;13;12;1936;2;2;2;2;2;2;2;2;2;2;2;2;2;2;2;2; ; ; ; ; ; ; ; ; ; ; ; ; ; ; ; ; ; ; ; ; ; ; ; ; ; ; ; ; ; ; ; ; ;2;6;2; ; ; ; ;1;1;3;2; ;2; ;2; ;2; ;2; ;2; ;2; ;2; ;1;3;2; ;2; ;11;6; ;2;2;2;2;2;2;10;6;4; ; ; ; ; ; ; ; ; ; ; ; ;1;950.129.004.349.905
2023;4;1;1;2.02E+22;26325;1;8;1;2;2;1;2; ;2;84;2;2;4;7;1938;2;2;2;2;2;2;2;2;2;2;2;2;2;2;2;2; ; ; ; ; ; ; ; ; ; ; ; ; ; ; ; ; ; ; ; ; ; ; ; ; ; ; ; ; ; ; ; ; ;2;6;2; ; ; ; ;1;1;3;2; ;2; ;2; ;2; ;2; ;2; ;2; ;2; ;1;3;2; ;2; ;9;5; ;2;2;2;2;2;2;10;7;4; ; ; ; ; ; ; ; ; ; ; ; ;1;830.228.928.140.064
2023;4;1;1;2.02E+22;26325;1;8;1;3;3;1;2; ;2;57;3;3;99;99;1966;2;2;2;2;2;2;2;2;2;2;2;2;2;2;2;2; ; ; ; ; ; ; ; ; ; ; ; ; ; ; ; ; ; ; ; ; ; ; ; ; ; ; ; ; ; ; ; ; ;2;5;2; ; ; ; ;1;1;3;2; ;2; ;2; ;2; ;2; ;2; ;2; ;1;3;2; ;2; ;2; ;11;5; ;2;2;2;2;2;2;10;7;4; ; ; ; ; ; ; ; ; ; ; ; ;1;830.228.928.140.064
2023;4;1;1;2.02E+22;26325;1;8;1;4;5;1;1; ;2;26; ; ; ; ; ; ; ; ; ; ; ; ; ; ; ; ; ; ; ; ; ; ; ; ; ; ; ; ; ; ; ; ; ; ; ; ; ; ; ; ; ; ; ; ; ; ; ; ; ; ; ; ; ; ; ; ; ; ; ; ; ; ; ; ; ; ; ; ; ; ; ; ; ; ; ; ; ; ; ; ; ; ; ; ; ; ; ; ; ; ; ; ; ; ; ; ; ; ; ; ; ; ; ; ; ; ; ; ; ; ;0; 
2023;4;1;1;2.02E+22;26325;1;8;1;5;5;1;2; ;1;20;5;3;15;5;2002;2;2;2;2;2;2;2;2;2;2;2;2;2;2;2;2; ; ; ; ; ; ; ; ; ; ; ; ; ; ; ; ; ; ; ; ; ; ; ; ; ; ; ; ; ; ; ; ; ;2;4;2; ; ; ; ;2;2; ;2; ;2; ;1;4;2; ;2; ;2; ;2; ;2; ;2; ;2; ;2; ;10;2; ;2;2;2;2;2;2;10;7;4; ; ; ; ; ; ; ; ; ; ; ; ;1;107.283.867.764.516
2023;4;1;1;2.02E+22;22733;1;3;1;1;1;1;2; ;1;57;1;2;8;5;1965;1; ; ; ; ; ; ; ; ; ; ; ; ; ; ; ;9412;5610;4; ;3;2;1;2;0;4;0;4;0;4;0;12; ; ;1; ;1;1; ; ; ; ; ; ; ; ; ; ; ;1; ; ; ; ;1;3;1;2; ;2; ;2; ;2; ;1;5;2; ;2; ;2; ;1;5;2; ;2; ;2; ;5;4; ;2;2;2;2;2;2;10;1;2; ; ; ; ; ; ; ; ; ; ; ; ;1;152.951.862.894.468
2023;4;1;1;2.02E+22;22733;1;3;1;2;2;1;2; ;2;55;2;2;19;6;1967;1; ; ; ; ; ; ; ; ; ; ; ; ; ; ; ;9411;5610;2; ;3;2;1;2;0;9;9;9;9;9;9;54; ;54;1; ;2; ;2;2; ; ; ;2000;300; ; ; ; ; ; ; ; ; ; ; ;1;2; ;2; ;2; ;2; ;1;5;2; ;2; ;2; ;2; ;2; ;2; ;2; ;5;2; ;2;2;2;2;2;2;10;1;1; ;300; ; ; ; ;1939; ; ;2239;2239;2239;1;133.650.336.540.126
2023;4;1;1;2.02E+22;19587;1;55;1;1;1;1;2; ;2;64;1;1;23;4;1958;2;2;2;2;2;2;2;2;2;2;2;2;2;2;2;2; ; ; ; ; ; ; ; ; ; ; ; ; ; ; ; ; ; ; ; ; ; ; ; ; ; ; ; ; ; ; ; ; ;2;5;1;2; ; ; ;1;1;4;2; ;2; ;2; ;2; ;2; ;2; ;2; ;2; ;2; ;2; ;2; ;6;5; ;2;2;2;2;2;2;10;1;4; ; ; ; ; ; ; ; ; ; ; ; ;1;713.688.937.771.443
2023;4;1;1;2.02E+22;27088;1;24;1;1;1;1;2; ;2;63;1;1;2;1;1960;1; ; ; ; ; ; ; ; ; ; ; ; ; ; ; ;9111;9700;6; ; ; ;1;2;0;0;10;0;0;10;0;20; ;20;1; ;2; ;2;2;2;100;12; ; ; ; ; ; ; ; ; ; ; ; ; ;1;2; ;2; ;2; ;2; ;1;5;2; ;2; ;2; ;2; ;2; ;2; ;2; ;10;3; ;2;2;2;2;2;2;10;7;1;360; ; ; ; ;433; ; ; ;793;793;793;1;587.950.796.895.086
2023;4;1;1;2.02E+22;27088;1;24;1;2;2;1;2; ;1;65;2;2;11;6;1957;1; ; ; ; ; ; ; ; ; ; ; ; ; ; ; ;8322;4921;2; ;3;2;1;1;8;11;11;11;11;11;14;77; ;77;1; ;1;1;1;2; ; ; ;1000; ; ; ; ; ; ; ; ; ; ; ; ;1;2; ;2; ;2; ;2; ;1;5;2; ;2; ;2; ;2; ;2; ;2; ;2; ;6;5; ;2;2;2;2;2;2;10;7;1; ; ; ; ; ; ;1022; ; ;1022;1022;1022;1;672.861.528.099.413
2023;4;1;1;2.02E+22;27088;1;24;1;3;3;1;2; ;1;25;3;3;22;12;1997;1; ; ; ; ; ; ; ; ; ; ; ; ; ; ; ;3439;9000;3;5;1; ;1;5;0;0;0;2;4;0;2;8; ;16;2;16;1;1;1;1;2;400; ; ; ; ; ; ; ; ; ; ; ; ; ; ;1;2; ;2; ;2; ;2; ;1;5;2; ;2; ;2; ;1;5;2; ;2; ;2; ;10;4; ;2;2;2;2;2;2;10;7;1; ; ; ; ; ;1732; ; ; ;1732;1732;1732;1;787.747.631.140.031
2023;4;1;4;2.02E+24;3051402;1;65;1;1;1;1;2; ;1;29;1;1;20;7;1993;1; ; ; ; ; ; ; ; ; ; ; ; ; ; ; ;9313;4210;3;5;1; ;5;1000;0;10;12;10;0;0;5;37;12;75;2;75;1;1;1;1;2;700;48; ; ; ; ;180;12; ; ; ; ; ; ; ;1;2; ;2; ;2; ;2; ;1;5;2; ;2; ;2; ;2; ;2; ;2; ;2; ;6;5; ;2;2;2;2;2;2;1;1;1;208; ; ;12; ;3031; ; ;180;3431;3239;3431;1;343.325.240.031.389
2023;4;1;4;2.02E+24;3051402;1;65;1;2;2;1;2; ;2;24;2;2;8;2;1999;2;2;2;2;2;2;2;2;2;2;2;2;2;2;2;2; ; ; ; ; ; ; ; ; ; ; ; ; ; ; ; ; ; ; ; ; ; ; ; ; ; ; ; ; ; ; ; ; ;1; ; ; ; ;4;1;1;2; ;2; ;2; ;2; ;1;5;2; ;2; ;2; ;2; ;2; ;2; ;2; ;6;5; ;2;2;2;2;2;2;10;7;2; ; ; ; ; ; ; ; ; ; ; ; ;1;234.787.834.663.909
2023;4;1;4;2.02E+24;3051402;1;65;1;3;3;1;2; ;2;4; ; ; ; ; ; ; ; ; ; ; ; ; ; ; ; ; ; ; ; ; ; ; ; ; ; ; ; ; ; ; ; ; ; ; ; ; ; ; ; ; ; ; ; ; ; ; ; ; ; ; ; ; ; ; ; ; ; ; ; ; ; ; ; ; ; ; ; ; ; ; ; ; ; ; ; ; ; ; ; ; ; ; ; ; ; ; ; ; ; ; ; ; ; ; ; ; ; ; ; ; ; ; ; ; ; ; ; ; ; ;1; 
2023;4;1;4;2.02E+24;3051402;1;65;1;4;3;1;2; ;2;1; ; ; ; ; ; ; ; ; ; ; ; ; ; ; ; ; ; ; ; ; ; ; ; ; ; ; ; ; ; ; ; ; ; ; ; ; ; ; ; ; ; ; ; ; ; ; ; ; ; ; ; ; ; ; ; ; ; ; ; ; ; ; ; ; ; ; ; ; ; ; ; ; ; ; ; ; ; ; ; ; ; ; ; ; ; ; ; ; ; ; ; ; ; ; ; ; ; ; ; ; ; ; ; ; ; ; ; ; ; ;1; 
2023;4;1;4;2.02E+24;3051402;1;65;2;1;1;1;2; ;2;46;1;1;3;9;1976;1; ; ; ; ; ; ; ; ; ; ; ; ; ; ; ;9112;8121;2; ;3;2;1;1;0;0;0;0;8;8;4;20;6;26;1; ;1;1;1;2; ; ; ;150; ; ; ;160; ; ; ; ; ; ; ; ;1;2; ;2; ;2; ;2; ;1;5;2; ;2; ;2; ;2; ;2; ;2; ;2; ;3; ;2;2;2;2;2;2;2;1;1;1; ; ; ; ; ; ;150; ;160;310;150;310;1;287.944.955.521.109
2023;4;1;4;2.02E+24;3051402;1;65;2;2;3;1;2; ;2;14;2;2;28;12;2008;2;2;2;2;2;2;2;2;2;2;2;2;2;2;2;2; ; ; ; ; ; ; ; ; ; ; ; ; ; ; ; ; ; ; ; ; ; ; ; ; ; ; ; ; ; ; ; ; ;2;4;2; ; ; ; ;1;2; ;2; ;2; ;2; ;1;5;2; ;2; ;2; ;2; ;2; ;2; ;2; ;5;1; ;2;2;2;2;2;2;10;7;4; ; ; ; ; ; ; ; ; ; ; ; ;1;234.787.834.663.909
2023;4;1;4;2.02E+24;3051402;1;65;2;3;3;1;2; ;1;11; ; ; ; ; ; ; ; ; ; ; ; ; ; ; ; ; ; ; ; ; ; ; ; ; ; ; ; ; ; ; ; ; ; ; ; ; ; ; ; ; ; ; ; ; ; ; ; ; ; ; ; ; ; ; ; ; ; ; ; ; ; ; ; ; ; ; ; ; ; ; ; ; ; ; ; ; ; ; ; ; ; ; ; ; ; ; ; ; ; ; ; ; ; ; ; ; ; ; ; ; ; ; ; ; ; ; ; ; ; ;1; 
2023;4;1;4;2.02E+24;3051402;1;65;2;4;3;1;2; ;1;5; ; ; ; ; ; ; ; ; ; ; ; ; ; ; ; ; ; ; ; ; ; ; ; ; ; ; ; ; ; ; ; ; ; ; ; ; ; ; ; ; ; ; ; ; ; ; ; ; ; ; ; ; ; ; ; ; ; ; ; ; ; ; ; ; ; ; ; ; ; ; ; ; ; ; ; ; ; ; ; ; ; ; ; ; ; ; ; ; ; ; ; ; ; ; ; ; ; ; ; ; ; ; ; ; ; ; ; ; ; ;1; 
2023;4;1;4;2.02E+24;3051402;1;65;3;1;1;1;2; ;1;27;1;1;22;4;1995;1; ; ; ; ; ; ; ; ; ; ; ; ; ; ; ;9313;4100;3;5;3;3;1;8;0;10;10;10;10;10;5;55; ;55;1; ;2; ;2;2;2;500; ; ; ; ; ; ; ; ; ; ; ; ; ; ;1;2; ;2; ;2; ;2; ;2; ;2; ;2; ;2; ;1;5;2; ;2; ;2; ;6;5; ;2;2;2;2;2;2;1;7;1; ; ; ; ; ;2165; ; ; ;2165;2165;2165;1;343.325.240.031.389
2023;4;1;4;2.02E+24;3051402;1;65;3;2;2;1;2; ;2;29;2;2;20;6;1993;2;2;2;2;2;2;2;2;2;2;2;2;2;2;2;2; ; ; ; ; ; ; ; ; ; ; ; ; ; ; ; ; ; ; ; ; ; ; ; ; ; ; ; ; ; ; ; ; ;2;5;2; ; ; ; ;1;2; ;2; ;2; ;2; ;1;5;2; ;2; ;2; ;2; ;2; ;2; ;2; ;6;5; ;2;2;2;2;2;2;1;1;4; ; ; ; ; ; ; ; ; ; ; ; ;1;29.113.637.261.216
2023;4;1;4;2.02E+24;3051402;1;65;3;3;3;1;2; ;1;3; ; ; ; ; ; ; ; ; ; ; ; ; ; ; ; ; ; ; ; ; ; ; ; ; ; ; ; ; ; ; ; ; ; ; ; ; ; ; ; ; ; ; ; ; ; ; ; ; ; ; ; ; ; ; ; ; ; ; ; ; ; ; ; ; ; ; ; ; ; ; ; ; ; ; ; ; ; ; ; ; ; ; ; ; ; ; ; ; ; ; ; ; ; ; ; ; ; ; ; ; ; ; ; ; ; ; ; ; ; ;1; 
2023;4;1;1;2.02E+22;23451;1;108;1;1;1;1;2; ;2;49;1;1;5;1;1974;1; ; ; ; ; ; ; ; ; ; ; ; ; ; ; ;9111;9700;6; ; ; ;1;1;5;5;5;0;0;0;0;15;8;23;1; ;1;1;1;2;2;210;90; ; ; ; ;140; ; ; ; ; ; ; ; ;1;2; ;2; ;2; ;2; ;2; ;2; ;2; ;2; ;2; ;2; ;2; ;2; ;10;3; ;2;2;2;2;2;2;10;7;1;390; ; ; ; ;909; ; ;140;1439;1299;1439;1;678.714.704.430.533
2023;4;1;1;2.02E+22;23451;1;108;1;2;3;1;2; ;1;8; ; ; ; ; ; ; ; ; ; ; ; ; ; ; ; ; ; ; ; ; ; ; ; ; ; ; ; ; ; ; ; ; ; ; ; ; ; ; ; ; ; ; ; ; ; ; ; ; ; ; ; ; ; ; ; ; ; ; ; ; ; ; ; ; ; ; ; ; ; ; ; ; ; ; ; ; ; ; ; ; ; ; ; ; ; ; ; ; ; ; ; ; ; ; ; ; ; ; ; ; ; ; ; ; ; ; ; ; ; ;1; 
2023;4;1;1;2.02E+22;23451;1;108;1;3;3;1;2; ;1;28;3;3;1;4;1995;1; ; ; ; ; ; ; ; ; ; ; ; ; ; ; ;7128;4330;2; ;3;2;1;1;0;0;0;0;8;2;0;10; ;10;2;8;2; ;2;2; ; ; ;850; ; ; ; ; ; ; ; ; ; ; ; ;1;2; ;2; ;2; ;2; ;1;5;2; ;2; ;2; ;2; ;2; ;2; ;2; ;6;5; ;2;2;2;2;2;2;10;7;1; ; ; ; ; ; ;850; ; ;850;850;850;1;909.354.836.252.502
2023;4;1;1;2.02E+24;1929801;1;62;1;1;1;1;2; ;1;72;1;1;2;6;1950;2;2;2;2;2;2;2;2;2;2;2;2;2;2;2;2; ; ; ; ; ; ; ; ; ; ; ; ; ; ; ; ; ; ; ; ; ; ; ; ; ; ; ; ; ; ; ; ; ;2;5;2; ; ; ; ;1;2; ;2; ;2; ;2; ;1;5;2; ;2; ;2; ;2; ;2; ;2; ;2; ;4;5; ;2;2;2;2;2;2;1;1;4; ; ; ; ; ; ; ; ; ; ; ; ;1;95.337.485.339.581
2023;4;1;1;2.02E+24;1929801;1;62;1;2;2;1;2; ;2;72;2;2;24;9;1950;2;2;2;2;2;2;2;2;2;2;2;2;2;2;2;2; ; ; ; ; ; ; ; ; ; ; ; ; ; ; ; ; ; ; ; ; ; ; ; ; ; ; ; ; ; ; ; ; ;2;8;2; ; ; ; ;1;2; ;2; ;2; ;2; ;2; ;2; ;2; ;2; ;2; ;2; ;2; ;2; ;1; ; ;2;2;2;2;2;2;1;1;4; ; ; ; ; ; ; ; ; ; ; ; ;1;833.065.172.231.076
2023;4;1;1;2.02E+24;1772003;1;5;1;1;1;1;2; ;1;41;1;1;12;3;1982;1; ; ; ; ; ; ; ; ; ; ; ; ; ; ; ;7111;4322;3;5;4;3;4;500;0;8;8;8;8;8;8;48; ;48;1; ;2; ;2;2;2;400; ; ; ; ; ; ; ; ; ; ; ; ; ; ;1;1;1;2; ;2; ;2; ;2; ;2; ;2; ;2; ;1;1;2; ;2; ;2; ;4; ;6;2;2;2;2;2;2;10;7;1; ; ; ; ; ;1732; ; ; ;1732;1732;1732;1;299.840.187.824.783
2023;4;1;1;2.02E+24;1772003;1;5;1;2;2;1;2; ;2;38;2;2;1;5;1984;1; ; ; ; ; ; ; ; ; ; ; ; ; ; ; ;5213;4782;2; ;3;2;1;1;0;4;4;0;0;5;5;18; ;18;1; ;1;1;1;1; ; ; ;270; ; ; ; ; ; ; ; ; ; ; ; ;1;2; ;2; ;2; ;2; ;2; ;2; ;2; ;2; ;2; ;2; ;2; ;2; ;6;5; ;2;2;2;2;2;2;10;7;1; ; ; ; ; ; ;358; ; ;358;358;358;1;297.513.003.311.314
2023;4;1;1;2.02E+24;1772003;1;5;1;3;3;1;2; ;1;2; ; ; ; ; ; ; ; ; ; ; ; ; ; ; ; ; ; ; ; ; ; ; ; ; ; ; ; ; ; ; ; ; ; ; ; ; ; ; ; ; ; ; ; ; ; ; ; ; ; ; ; ; ; ; ; ; ; ; ; ; ; ; ; ; ; ; ; ; ; ; ; ; ; ; ; ; ; ; ; ; ; ; ; ; ; ; ; ; ; ; ; ; ; ; ; ; ; ; ; ; ; ; ; ; ; ; ; ; ; ;1; 
2023;4;1;1;2.02E+22;47102;1;47;1;1;1;1;2; ;1;78;1;1;21;9;1944;2;2;2;2;2;2;2;2;2;2;2;2;2;2;2;2; ; ; ; ; ; ; ; ; ; ; ; ; ; ; ; ; ; ; ; ; ; ; ; ; ; ; ; ; ; ; ; ; ;2;6;2; ; ; ; ;1;1;3;2; ;2; ;2; ;2; ;2; ;2; ;2; ;2; ;1;3;2; ;2; ;6;5; ;2;2;2;2;2;2;10;7;4; ; ; ; ; ; ; ; ; ; ; ; ;1;770.873.220.245.006
2023;4;1;1;2.02E+22;26692;1;87;1;1;1;1;2; ;2;81;1;1;9;3;1942;2;2;2;2;2;2;2;2;2;2;2;2;2;2;2;2; ; ; ; ; ; ; ; ; ; ; ; ; ; ; ; ; ; ; ; ; ; ; ; ; ; ; ; ; ; ; ; ; ;2;6;2; ; ; ; ;1;1;3;2; ;2; ;2; ;2; ;2; ;2; ;2; ;2; ;2; ;1;3;2; ;6;5; ;2;2;2;2;2;2;10;7;4; ; ; ; ; ; ; ; ; ; ; ; ;1;681.059.106.873.628
2023;4;1;1;2.02E+22;26692;1;87;1;2;3;1;2; ;2;50;2;1;24;11;1972;1; ; ; ; ; ; ; ; ; ; ; ; ; ; ; ;3334;6810;2; ;2;1;1;1;0;8;8;8;8;8;0;40; ;40;1; ;2; ;2;2; ; ; ;4000; ; ; ; ; ; ; ; ; ; ; ; ;1;2; ;2; ;1;2;2; ;1;2;2; ;2; ;2; ;1;2;2; ;2; ;2; ;11;5; ;2;2;2;2;2;2;10;7;1; ; ; ; ; ; ;4000; ; ;4000;4000;4000;1;681.059.106.873.628
2023;4;1;1;2.02E+22;26692;1;87;1;3;3;1;2; ;1;47;3;3;3;1;1976;1; ; ; ; ; ; ; ; ; ; ; ; ; ; ; ;3432;7310;2; ;2;1;1;1;0;9;9;9;9;9;4;49; ;49;1; ;2; ;2;2; ; ; ;1500; ; ; ; ; ; ; ; ; ; ; ; ;1;2; ;1;2;2; ;2; ;2; ;2; ;2; ;2; ;1;5;2; ;2; ;2; ;6;5; ;2;2;2;2;2;2;10;7;1; ; ; ; ; ; ;1500; ; ;1500;1500;1500;1;779.416.362.384.457
2023;4;1;1;2.02E+22;17965;1;95;1;1;1;1;2; ;2;36;1;1;12;1;1987;1; ; ; ; ; ; ; ; ; ; ; ; ; ; ; ;312;8422;3;1; ; ; ; ;0;8;8;8;8;8;0;40; ;40;1; ;2; ;2;2;4;2000; ; ; ; ; ; ; ; ; ; ; ; ; ; ;1;2; ;2; ;2; ;1;1;2; ;2; ;2; ;2; ;2; ;2; ;2; ;1;1;9;3; ;2;2;2;2;2;2;10;7;1; ; ; ; ;83;2000; ; ; ;2000;2000;2083;1;351.611.792.429.309
2023;4;1;1;2.02E+22;17965;1;95;1;2;2;1;2; ;1;31;2;2;2;3;1992;1; ; ; ; ; ; ; ; ; ; ; ; ; ; ; ;312;8422;3;1; ; ; ; ;0;10;10;10;10;8;0;48; ;48;1; ;2; ;2;2;4;3200;87; ; ; ; ; ; ; ; ; ; ; ; ; ;1;2; ;2; ;2; ;1;1;2; ;2; ;2; ;2; ;2; ;2; ;2; ;1;1;9;3; ;2;2;2;2;2;2;10;8;1;377; ; ; ;83;3200; ; ; ;3577;3577;3660;1;354.362.144.544.972
2023;4;1;1;2.02E+22;17965;1;95;1;3;3;1;2; ;1;8; ; ; ; ; ; ; ; ; ; ; ; ; ; ; ; ; ; ; ; ; ; ; ; ; ; ; ; ; ; ; ; ; ; ; ; ; ; ; ; ; ; ; ; ; ; ; ; ; ; ; ; ; ; ; ; ; ; ; ; ; ; ; ; ; ; ; ; ; ; ; ; ; ; ; ; ; ; ; ; ; ; ; ; ; ; ; ; ; ; ; ; ; ; ; ; ; ; ; ; ; ; ; ; ; ; ; ; ; ; ;1; 
2023;4;1;1;2.02E+22;17965;1;95;1;4;3;1;2; ;1;4; ; ; ; ; ; ; ; ; ; ; ; ; ; ; ; ; ; ; ; ; ; ; ; ; ; ; ; ; ; ; ; ; ; ; ; ; ; ; ; ; ; ; ; ; ; ; ; ; ; ; ; ; ; ; ; ; ; ; ; ; ; ; ; ; ; ; ; ; ; ; ; ; ; ; ; ; ; ; ; ; ; ; ; ; ; ; ; ; ; ; ; ; ; ; ; ; ; ; ; ; ; ; ; ; ; ; ; ; ; ;1; 
2023;4;1;1;2.02E+22;17965;1;95;1;5;6;1;2; ;2;78;5;5;26;11;1944;2;2;2;2;2;2;2;2;2;2;2;2;2;2;2;2; ; ; ; ; ; ; ; ; ; ; ; ; ; ; ; ; ; ; ; ; ; ; ; ; ; ; ; ; ; ; ; ; ;2;5;2; ; ; ; ;1;2; ;2; ;2; ;1;4;2; ;2; ;2; ;2; ;2; ;2; ;2; ;1;4;5;1; ;2;2;2;2;2;2;10;7;4; ; ; ; ; ; ; ; ; ; ; ; ;1;264.485.092.736.041
2023;4;1;1;2.02E+22;18410;1;104;1;1;1;1;2; ;2;64;1;1;21;6;1958;1; ; ; ; ; ; ; ; ; ; ; ; ; ; ; ;2341;8521;3;2; ; ;5;1000;0;8;8;8;8;8;0;40; ;40;1; ;2; ;2;2;4;2000; ; ; ; ; ; ; ; ; ; ; ; ; ; ;1;1;1;2; ;2; ;2; ;2; ;2; ;2; ;2; ;1;1;2; ;2; ;2; ;11;5; ;2;2;2;2;2;2;10;7;1; ; ; ; ;67;2000; ; ; ;2000;2000;2067;1;271.238.659.584.406
2023;4;1;1;2.02E+22;18410;1;104;1;2;3;1;2; ;1;32;2;2;14;11;1990;1; ; ; ; ; ; ; ; ; ; ; ; ; ; ; ;2161;7110;3;5;1; ;1;20;0;8;8;8;8;8;0;40; ;40;1; ;2; ;2;2;4;4500; ; ; ; ; ; ; ; ; ; ; ; ; ; ;1;1;1;2; ;2; ;2; ;2; ;2; ;2; ;2; ;1;1;2; ;2; ;2; ;12;2; ;2;2;2;2;2;2;10;7;1; ; ; ; ;1125;4500; ; ; ;4500;4500;5625;1;363.410.701.523.958
2023;4;1;1;2.02E+22;18410;1;104;1;3;8;1;2; ;1;48;3;3;5;10;1974;1; ; ; ; ; ; ; ; ; ; ; ; ; ; ; ;4321;4719;3;5;1; ;5;1000;8;0;8;8;8;8;8;48; ;48;1; ;2; ;2;2;4;2500; ; ; ; ; ; ; ; ; ; ; ; ; ; ;1;1;1;2; ;2; ;2; ;2; ;2; ;2; ;2; ;1;1;2; ;2; ;2; ;8;1; ;2;2;2;2;2;2;10;7;1; ; ; ; ;832;2500; ; ; ;2500;2500;3332;1;310.410.428.783.153
2023;4;1;1;2.02E+22;17666;1;50;1;1;1;1;2; ;1;31;1;1;14;11;1991;1; ; ; ; ; ; ; ; ; ; ; ; ; ; ; ;7127;4322;3;5;1; ;1;15;6;2;8;8;8;8;8;48; ;48;1; ;2; ;2;2;4;3500; ; ; ; ; ; ; ; ; ; ; ; ; ; ;1;1;1;2; ;2; ;2; ;2; ;2; ;2; ;2; ;1;1;2; ;2; ;2; ;9;3; ;2;2;2;2;2;2;10;7;1; ; ; ; ; ;3500; ; ; ;3500;3500;3500;1;316.712.971.585.561
2023;4;1;1;2.02E+22;17666;1;50;1;2;2;1;2; ;2;29;2;2;2;9;1993;1; ; ; ; ; ; ; ; ; ; ; ; ; ; ; ;7513;1071;2; ;3;2;1;1;0;0;0;3;1;0;3;7; ;7;1; ;2; ;2;2; ; ; ;300;35; ; ; ; ; ; ; ; ; ; ; ;1;2; ;2; ;2; ;2; ;2; ;2; ;2; ;2; ;1;5;2; ;2; ;2; ;9;3; ;2;2;2;2;2;2;10;7;1; ;35; ; ; ; ;270; ; ;305;305;305;1;314.254.830.373.618
2023;4;1;1;2.02E+22;17666;1;50;1;3;3;1;2; ;1;4; ; ; ; ; ; ; ; ; ; ; ; ; ; ; ; ; ; ; ; ; ; ; ; ; ; ; ; ; ; ; ; ; ; ; ; ; ; ; ; ; ; ; ; ; ; ; ; ; ; ; ; ; ; ; ; ; ; ; ; ; ; ; ; ; ; ; ; ; ; ; ; ; ; ; ; ; ; ; ; ; ; ; ; ; ; ; ; ; ; ; ; ; ; ; ; ; ; ; ; ; ; ; ; ; ; ; ; ; ; ;1; 
2023;4;1;1;2.02E+22;27364;1;19;1;1;1;1;2; ;2;28;1;1;10;6;1994;1; ; ; ; ; ; ; ; ; ; ; ; ; ; ; ;2611;8412;3;2; ; ;5;2000;14;0;0;0;0;0;14;28; ;28;1; ;2; ;2;2;4;2940; ; ; ; ; ; ; ; ; ; ; ; ; ; ;1;1;1;2; ;2; ;2; ;2; ;2; ;2; ;2; ;1;1;2; ;2; ;2; ;12;2; ;2;2;2;2;2;2;10;2;1; ; ; ; ;113;2940; ; ; ;2940;2940;3053;1;18.701.553.812.677
2023;4;1;1;2.02E+22;27364;1;19;1;2;7;1;1; ;1;25; ; ; ; ; ; ; ; ; ; ; ; ; ; ; ; ; ; ; ; ; ; ; ; ; ; ; ; ; ; ; ; ; ; ; ; ; ; ; ; ; ; ; ; ; ; ; ; ; ; ; ; ; ; ; ; ; ; ; ; ; ; ; ; ; ; ; ; ; ; ; ; ; ; ; ; ; ; ; ; ; ; ; ; ; ; ; ; ; ; ; ; ; ; ; ; ; ; ; ; ; ; ; ; ; ; ; ; ; ; ;0; 
2023;4;1;1;2.02E+24;2443303;1;27;1;1;1;1;2; ;1;30;1;1;30;1;1993;1; ; ; ; ; ; ; ; ; ; ; ; ; ; ; ;4417;1709;3;5;1; ;2;50;0;8;8;8;8;8;8;48; ;48;1; ;2; ;2;2;4;2300; ; ; ; ; ; ; ; ; ; ; ; ; ; ;1;1;1;2; ;2; ;2; ;2; ;2; ;2; ;2; ;1;1;2; ;2; ;2; ;10;1; ;2;2;2;2;2;2;10;7;1; ; ; ; ; ;2300; ; ; ;2300;2300;2300;1;764.048.350.469.545
2023;4;1;1;2.02E+24;2558402;1;152;1;1;1;1;2; ;1;49;1;1;8;9;1973;1; ; ; ; ; ; ; ; ; ; ; ; ; ; ; ;3314;1410;3;5;1; ;5;1000;0;11;11;11;11;11;11;66; ;66;1; ;2; ;2;2;4;4500; ; ; ; ; ; ; ; ; ; ; ; ; ; ;1;1;1;2; ;2; ;2; ;2; ;2; ;2; ;2; ;2; ;1;1;2; ;2; ;8;2; ;2;2;2;2;2;2;10;7;1; ; ; ; ;1225;4500; ; ; ;4500;4500;5725;1;673.838.237.945.026
2023;4;1;1;2.02E+24;2558402;1;152;1;2;2;1;2; ;2;38;2;2;16;9;1984;2;2;2;2;2;2;2;2;2;2;2;2;2;2;2;2; ; ; ; ; ; ; ; ; ; ; ; ; ; ; ; ; ; ; ; ; ; ; ; ; ; ; ; ; ; ; ; ; ;1; ; ; ; ;5;2;1;1;4;2; ;2; ;2; ;2; ;2; ;2; ;2; ;2; ;2; ;2; ;2; ;6;5; ;2;2;2;2;2;2;10;5;2; ; ; ; ; ; ; ; ; ; ; ; ;1;782.768.194.653.751
2023;4;1;1;2.02E+24;2558402;1;152;1;3;3;1;2; ;1;17;3;3;24;2;2006;2;2;2;2;2;2;2;2;2;2;2;2;2;2;2;2; ; ; ; ; ; ; ; ; ; ; ; ; ; ; ; ; ; ; ; ; ; ; ; ; ; ; ; ; ; ; ; ; ;1; ; ; ; ;5;2;1;1;4;2; ;2; ;2; ;2; ;2; ;2; ;2; ;2; ;2; ;2; ;2; ;6;5; ;2;2;2;2;2;2;10;7;2; ; ; ; ; ; ; ; ; ; ; ; ;1;76.086.480.976.162
2023;4;1;1;2.02E+24;2558402;1;152;1;4;3;1;2; ;2;15;4;4;21;11;2007;2;2;2;2;2;2;2;2;2;2;2;2;2;2;2;2; ; ; ; ; ; ; ; ; ; ; ; ; ; ; ; ; ; ; ; ; ; ; ; ; ; ; ; ; ; ; ; ; ;2;4;1;2; ; ; ;1;1;4;2; ;2; ;2; ;2; ;2; ;2; ;2; ;2; ;2; ;2; ;2; ;5;2; ;2;2;2;2;2;2;10;7;4; ; ; ; ; ; ; ; ; ; ; ; ;1;819.603.852.925.731
2023;4;1;1;2.02E+24;2558402;1;152;1;5;11;2; ;2;1;26; ; ; ; ; ; ; ; ; ; ; ; ; ; ; ; ; ; ; ; ; ; ; ; ; ; ; ; ; ; ; ; ; ; ; ; ; ; ; ; ; ; ; ; ; ; ; ; ; ; ; ; ; ; ; ; ; ; ; ; ; ; ; ; ; ; ; ; ; ; ; ; ; ; ; ; ; ; ; ; ; ; ; ; ; ; ; ; ; ; ; ; ; ; ; ; ; ; ; ; ; ; ; ; ; ; ; ; ; ; ;0; 
2023;4;1;1;2.02E+24;2558402;1;152;1;6;11;2; ;2;1;20; ; ; ; ; ; ; ; ; ; ; ; ; ; ; ; ; ; ; ; ; ; ; ; ; ; ; ; ; ; ; ; ; ; ; ; ; ; ; ; ; ; ; ; ; ; ; ; ; ; ; ; ; ; ; ; ; ; ; ; ; ; ; ; ; ; ; ; ; ; ; ; ; ; ; ; ; ; ; ; ; ; ; ; ; ; ; ; ; ; ; ; ; ; ; ; ; ; ; ; ; ; ; ; ; ; ; ; ; ; ;0; 
2023;4;1;1;2.02E+24;2180902;1;35;1;1;1;1;2; ;2;62;1;1;4;2;1961;1; ; ; ; ; ; ; ; ; ; ; ; ; ; ; ;9411;5630;2; ;3;2;1;2;10;10;0;10;10;10;10;60; ;60;1; ;2; ;2;2; ; ; ;2297;380; ; ; ; ; ; ; ; ; ; ; ;1;2; ;2; ;2; ;2; ;1;5;2; ;2; ;2; ;2; ;2; ;2; ;2; ;4;5; ;2;2;2;2;2;2;1;1;1; ;1083; ; ; ; ;1214; ; ;2297;2297;2297;1;118.182.508.783.054
2023;4;1;1;2.02E+24;2180902;1;35;1;2;3;1;2; ;2;22;2;2;14;12;2000;1; ; ; ; ; ; ; ; ; ; ; ; ; ; ; ;9412;5630;4; ;3;2;1;2;4;4;4;4;4;4;4;28; ;28;1; ;2; ;2; ; ; ; ; ; ; ; ; ; ; ; ; ; ; ; ; ;1;2; ;2; ;2; ;2; ;1;5;2; ;2; ;2; ;2; ;2; ;2; ;2; ;8;1; ;2;2;2;2;2;2;10;7;1; ; ; ; ; ; ; ; ; ;0;0;0;1;164.507.710.606.282
2023;4;1;1;2.02E+22;22733;1;4;1;1;1;1;2; ;1;37;1;1;27;8;1985;1; ; ; ; ; ; ; ; ; ; ; ; ; ; ; ;5211;4641;2; ;3;2;1;1;0;0;9;0;0;0;0;9; ;49;2;49;1;1;1;2; ; ; ;1970;70; ; ; ; ; ; ; ; ; ; ; ;1;2; ;2; ;2; ;2; ;1;5;2; ;2; ;2; ;2; ;2; ;2; ;2; ;5;4; ;2;2;2;2;2;2;10;1;1; ;70; ; ; ; ;1900; ; ;1970;1970;1970;1;179.067.256.250.933
2023;4;1;1;2.02E+22;22733;1;4;1;2;2;1;2; ;2;36;2;2;6;5;1986;2;2;2;2;2;2;2;2;2;2;2;2;2;2;2;2; ; ; ; ; ; ; ; ; ; ; ; ; ; ; ; ; ; ; ; ; ; ; ; ; ; ; ; ; ; ; ; ; ;2;5;1;2; ; ; ;1;2; ;2; ;2; ;2; ;1;5;2; ;2; ;2; ;2; ;2; ;2; ;2; ;6;5; ;2;2;2;2;2;2;10;1;4; ; ; ; ; ; ; ; ; ; ; ; ;1;177.677.440.734.075
2023;4;1;1;2.02E+22;22733;1;4;1;3;3;1;2; ;1;16;3;3;16;7;2006;2;2;2;2;2;2;2;2;2;2;2;2;2;2;2;2; ; ; ; ; ; ; ; ; ; ; ; ; ; ; ; ; ; ; ; ; ; ; ; ; ; ; ; ; ; ; ; ; ;2;4;1;2; ; ; ;1;2; ;2; ;2; ;2; ;1;5;2; ;2; ;2; ;2; ;2; ;2; ;2; ;5;4; ;2;2;2;2;2;2;10;7;4; ; ; ; ; ; ; ; ; ; ; ; ;1;172.705.678.470.831
2023;4;1;1;2.02E+22;22733;1;4;1;4;3;1;2; ;2;11; ; ; ; ; ; ; ; ; ; ; ; ; ; ; ; ; ; ; ; ; ; ; ; ; ; ; ; ; ; ; ; ; ; ; ; ; ; ; ; ; ; ; ; ; ; ; ; ; ; ; ; ; ; ; ; ; ; ; ; ; ; ; ; ; ; ; ; ; ; ; ; ; ; ; ; ; ; ; ; ; ; ; ; ; ; ; ; ; ; ; ; ; ; ; ; ; ; ; ; ; ; ; ; ; ; ; ; ; ; ;1; 
2023;4;1;1;2.02E+22;19587;1;56;1;1;1;1;2; ;2;41;1;1;16;12;1981;1; ; ; ; ; ; ; ; ; ; ; ; ; ; ; ;4222;7830;3;4;1; ;4;400;0;8;8;8;8;8;8;48; ;48;1; ;2; ;2;2;4;1600; ; ; ; ; ; ; ; ; ; ; ; ; ; ;1;1;1;2; ;2; ;2; ;2; ;2; ;2; ;2; ;1;1;2; ;2; ;2; ;9;3; ;2;2;2;2;2;2;10;7;1; ; ; ; ;399;1600; ; ; ;1600;1600;1999;1;948.792.402.818.819
2023;4;1;1;2.02E+22;19587;1;56;1;2;3;1;2; ;2;20;2;2;28;8;2002;2;2;2;2;2;2;2;2;2;2;2;2;2;2;2;2; ; ; ; ; ; ; ; ; ; ; ; ; ; ; ; ; ; ; ; ; ; ; ; ; ; ; ; ; ; ; ; ; ;2;5;1;1;6; ; ;1;2; ;2; ;2; ;2; ;2; ;2; ;2; ;2; ;2; ;2; ;2; ;2; ;6;5; ;2;2;2;2;2;2;10;7;4; ; ; ; ; ; ; ; ; ; ; ; ;1;993.440.860.638.116
2023;4;1;1;2.02E+22;19587;1;56;1;3;3;1;2; ;1;9; ; ; ; ; ; ; ; ; ; ; ; ; ; ; ; ; ; ; ; ; ; ; ; ; ; ; ; ; ; ; ; ; ; ; ; ; ; ; ; ; ; ; ; ; ; ; ; ; ; ; ; ; ; ; ; ; ; ; ; ; ; ; ; ; ; ; ; ; ; ; ; ; ; ; ; ; ; ; ; ; ; ; ; ; ; ; ; ; ; ; ; ; ; ; ; ; ; ; ; ; ; ; ; ; ; ; ; ; ; ;1; 
2023;4;1;1;2.02E+22;19587;1;56;1;4;3;1;2; ;2;3; ; ; ; ; ; ; ; ; ; ; ; ; ; ; ; ; ; ; ; ; ; ; ; ; ; ; ; ; ; ; ; ; ; ; ; ; ; ; ; ; ; ; ; ; ; ; ; ; ; ; ; ; ; ; ; ; ; ; ; ; ; ; ; ; ; ; ; ; ; ; ; ; ; ; ; ; ; ; ; ; ; ; ; ; ; ; ; ; ; ; ; ; ; ; ; ; ; ; ; ; ; ; ; ; ; ; ; ; ; ;1; 
2023;4;1;1;2.02E+22;49913;1;131;1;1;1;1;2; ;2;48;1;1;16;9;1974;2;1; ; ; ; ; ; ; ; ; ; ; ; ; ; ;2359;8530;3;5;1; ;4;300;0;0;0;0;0;0;0;0; ;50;2;50;1;1;1;2;4;5500; ; ; ; ; ; ; ; ; ; ; ; ; ; ;1;1;1;2; ;1;1;2; ;2; ;2; ;2; ;2; ;1;1;2; ;2; ;2; ;11;5; ;2;2;2;2;2;2;10;7;1; ; ; ; ;1374;5500; ; ; ;5500;5500;6874;1;498.504.546.453.541
2023;4;1;1;2.02E+22;49913;1;131;1;2;3;1;2; ;1;16;2;2;27;9;2006;2;2;2;2;2;2;2;2;2;2;2;2;2;2;2;2; ; ; ; ; ; ; ; ; ; ; ; ; ; ; ; ; ; ; ; ; ; ; ; ; ; ; ; ; ; ; ; ; ;2;4;2; ; ; ; ;2;1;4;2; ;1;4;2; ;2; ;2; ;2; ;2; ;2; ;2; ;2; ;2; ;5;4; ;2;2;2;2;2;2;10;7;4; ; ; ; ; ; ; ; ; ; ; ; ;1;644.177.696.404.109
2023;4;1;4;2.02E+24;3051402;1;66;1;1;1;1;2; ;2;29;1;1;18;6;1993;1; ; ; ; ; ; ; ; ; ; ; ; ; ; ; ;5212;4711;1; ;3;2;1;2;0;4;4;4;4;4;3;23;28;51;1; ;1;1;1;2; ; ; ;3000;600; ; ; ; ; ; ; ; ; ; ; ;1;1;5;2; ;2; ;2; ;2; ;2; ;2; ;2; ;1;5;2; ;2; ;2; ;11;5; ;2;2;2;2;2;2;10;7;1; ;600; ; ; ; ;2400; ;900;3900;3000;3900;1;338.900.899.794.821
2023;4;1;4;2.02E+24;3051402;1;66;1;2;3;1;2; ;2;9; ; ; ; ; ; ; ; ; ; ; ; ; ; ; ; ; ; ; ; ; ; ; ; ; ; ; ; ; ; ; ; ; ; ; ; ; ; ; ; ; ; ; ; ; ; ; ; ; ; ; ; ; ; ; ; ; ; ; ; ; ; ; ; ; ; ; ; ; ; ; ; ; ; ; ; ; ; ; ; ; ; ; ; ; ; ; ; ; ; ; ; ; ; ; ; ; ; ; ; ; ; ; ; ; ; ; ; ; ; ;1; 
2023;4;1;1;2.02E+22;23451;1;111;1;1;1;1;2; ;2;51;1;1;30;11;1971;1; ; ; ; ; ; ; ; ; ; ; ; ; ; ; ;9629;9609;2; ;3;2;1;1;2;1;0;1;0;0;3;7;5;20;2;20;1;1;1;2; ; ; ;400; ; ; ;200;80; ; ; ; ; ; ; ;1;1;4;2; ;2; ;2; ;2; ;2; ;2; ;2; ;2; ;2; ;2; ;2; ;6;5; ;2;2;2;2;2;2;10;1;1; ; ; ;80; ; ;400; ;200;680;400;680;1;678.714.704.430.533
2023;4;1;1;2.02E+22;23451;1;111;1;2;3;1;2; ;2;30;2;2;17;6;1992;1; ; ; ; ; ; ; ; ; ; ; ; ; ; ; ;4417;4649;3;5;1; ;4;387;0;9;9;9;9;9;6;51;2;53;1; ;1;1;1;2;4;4000; ; ; ; ; ;2000; ; ; ; ; ; ; ; ;1;1;1;2; ;2; ;2; ;2; ;2; ;2; ;2; ;1;1;2; ;2; ;2; ;10;3; ;2;2;2;2;2;2;10;8;1; ; ; ; ;1457;4000; ; ;2000;6000;4000;7457;1;902.296.954.827.309
2023;4;1;1;2.02E+22;23451;1;111;1;3;3;1;2; ;2;24;3;3;27;5;1998;2;2;2;2;2;2;2;2;2;2;2;2;2;2;2;2; ; ; ; ; ; ; ; ; ; ; ; ; ; ; ; ; ; ; ; ; ; ; ; ; ; ; ; ; ; ; ; ; ;1; ; ; ; ;2;3;1;2; ;2; ;2; ;2; ;2; ;2; ;2; ;2; ;2; ;2; ;2; ;2; ;11;5; ;2;2;2;2;2;2;10;7;2; ; ; ; ; ; ; ; ; ; ; ; ;1;944.757.420.792.676
2023;4;1;1;2.02E+22;23451;1;111;1;4;3;1;2; ;1;16;4;4;16;10;2006;2;2;2;2;2;2;2;2;2;2;2;2;2;2;2;2; ; ; ; ; ; ; ; ; ; ; ; ; ; ; ; ; ; ; ; ; ; ; ; ; ; ; ; ; ; ; ; ; ;2;4;1;2; ; ; ;2;1;4;2; ;2; ;2; ;2; ;2; ;2; ;2; ;2; ;2; ;2; ;2; ;5;4; ;2;2;2;2;2;2;10;7;4; ; ; ; ; ; ; ; ; ; ; ; ;1;877.048.921.471.378
2023;4;1;1;2.02E+22;23451;1;111;1;5;3;1;2; ;2;13; ; ; ; ; ; ; ; ; ; ; ; ; ; ; ; ; ; ; ; ; ; ; ; ; ; ; ; ; ; ; ; ; ; ; ; ; ; ; ; ; ; ; ; ; ; ; ; ; ; ; ; ; ; ; ; ; ; ; ; ; ; ; ; ; ; ; ; ; ; ; ; ; ; ; ; ; ; ; ; ; ; ; ; ; ; ; ; ; ; ; ; ; ; ; ; ; ; ; ; ; ; ; ; ; ; ; ; ; ; ;1; 
2023;4;1;1;2.02E+24;1929801;1;65;1;1;1;1;2; ;1;43;1;1;16;9;1979;1; ; ; ; ; ; ; ; ; ; ; ; ; ; ; ;8156;1520;3;5;1; ;1;20;0;8;8;8;8;8;5;45; ;48;2;48;2; ;2;2;4;1200;54; ; ; ; ; ; ; ; ; ; ; ; ; ;1;1;1;2; ;2; ;2; ;2; ;2; ;2; ;2; ;1;1;2; ;2; ;2; ;3; ;5;2;2;2;2;2;2;1;1;1;234; ; ; ;250;1200; ; ; ;1434;1434;1684;1;111.615.652.104.881
2023;4;1;1;2.02E+24;1929801;1;65;1;2;2;1;2; ;2;39;2;2;28;8;1983;2;2;2;2;2;2;2;2;2;2;2;2;2;2;2;2; ; ; ; ; ; ; ; ; ; ; ; ; ; ; ; ; ; ; ; ; ; ; ; ; ; ; ; ; ; ; ; ; ;2;5;1;2; ; ; ;1;1;4;2; ;2; ;2; ;2; ;2; ;2; ;2; ;1;5;2; ;2; ;2; ;1; ; ;2;2;2;2;2;2;10;9;4; ; ; ; ; ; ; ; ; ; ; ; ;1;110.749.356.566.168
2023;4;1;1;2.02E+24;1929801;1;65;1;3;3;1;2; ;1;10; ; ; ; ; ; ; ; ; ; ; ; ; ; ; ; ; ; ; ; ; ; ; ; ; ; ; ; ; ; ; ; ; ; ; ; ; ; ; ; ; ; ; ; ; ; ; ; ; ; ; ; ; ; ; ; ; ; ; ; ; ; ; ; ; ; ; ; ; ; ; ; ; ; ; ; ; ; ; ; ; ; ; ; ; ; ; ; ; ; ; ; ; ; ; ; ; ; ; ; ; ; ; ; ; ; ; ; ; ; ;1; 
2023;4;1;1;2.02E+24;1929801;1;65;1;4;3;1;2; ;1;6; ; ; ; ; ; ; ; ; ; ; ; ; ; ; ; ; ; ; ; ; ; ; ; ; ; ; ; ; ; ; ; ; ; ; ; ; ; ; ; ; ; ; ; ; ; ; ; ; ; ; ; ; ; ; ; ; ; ; ; ; ; ; ; ; ; ; ; ; ; ; ; ; ; ; ; ; ; ; ; ; ; ; ; ; ; ; ; ; ; ; ; ; ; ; ; ; ; ; ; ; ; ; ; ; ; ; ; ; ; ;1; 
2023;4;1;1;2.02E+24;1929801;1;65;1;5;3;1;2; ;2;0; ; ; ; ; ; ; ; ; ; ; ; ; ; ; ; ; ; ; ; ; ; ; ; ; ; ; ; ; ; ; ; ; ; ; ; ; ; ; ; ; ; ; ; ; ; ; ; ; ; ; ; ; ; ; ; ; ; ; ; ; ; ; ; ; ; ; ; ; ; ; ; ; ; ; ; ; ; ; ; ; ; ; ; ; ; ; ; ; ; ; ; ; ; ; ; ; ; ; ; ; ; ; ; ; ; ; ; ; ; ;1; 
2023;4;1;1;2.02E+22;18013;1;75;1;1;1;1;2; ;1;42;1;1;4;4;1981;2;1; ; ; ; ; ; ; ; ; ; ; ; ; ; ;4416;729;3;5;1; ;5;1500;0;0;0;0;0;0;0;0; ;40;2;40;2; ;2;2;4;3500; ; ; ; ; ; ; ; ; ; ; ; ; ; ;1;1;1;2; ;1;1;2; ;2; ;2; ;2; ;2; ;1;1;2; ;2; ;2; ;11;5; ;2;2;2;2;2;2;10;7;1; ; ; ; ;876;3500; ; ; ;3500;3500;4376;1;419.887.721.720.408
2023;4;1;1;2.02E+22;18013;1;75;1;2;2;1;2; ;2;30;2;1;2;9;1992;1; ; ; ; ; ; ; ; ; ; ; ; ; ; ; ;2149;1050;3;5;1; ;3;80;0;8;8;8;0;0;0;24; ;40;2;40;2; ;2;2;4;3000; ; ; ; ; ; ; ; ; ; ; ; ; ; ;1;1;1;2; ;2; ;2; ;2; ;2; ;2; ;2; ;1;1;2; ;2; ;2; ;11;5; ;2;2;2;2;2;2;10;7;1; ; ; ; ; ;3000; ; ; ;3000;3000;3000;1;416.628.798.323.674
2023;4;1;1;2.02E+22;18013;1;75;1;3;3;1;2; ;2;4; ; ; ; ; ; ; ; ; ; ; ; ; ; ; ; ; ; ; ; ; ; ; ; ; ; ; ; ; ; ; ; ; ; ; ; ; ; ; ; ; ; ; ; ; ; ; ; ; ; ; ; ; ; ; ; ; ; ; ; ; ; ; ; ; ; ; ; ; ; ; ; ; ; ; ; ; ; ; ; ; ; ; ; ; ; ; ; ; ; ; ; ; ; ; ; ; ; ; ; ; ; ; ; ; ; ; ; ; ; ;1; 
2023;4;1;1;2.02E+24;1772003;1;1;1;1;1;1;2; ;2;43;1;1;1;6;1979;1; ; ; ; ; ; ; ; ; ; ; ; ; ; ; ;7392;3290;3;5;4;3;2;30;0;6;6;6;6;6;0;30;5;35;1; ;1;1;1;2;2;175; ; ; ; ; ;45; ; ; ; ; ; ; ; ;1;2; ;2; ;2; ;2; ;1;5;2; ;2; ;2; ;2; ;2; ;2; ;2; ;3; ;4;2;2;2;2;2;2;10;7;1; ; ; ; ; ;758; ; ;45;803;758;803;1;297.513.003.311.314
2023;4;1;1;2.02E+24;1772003;1;1;1;2;3;1;2; ;2;24;2;2;3;7;1998;1; ; ; ; ; ; ; ; ; ; ; ; ; ; ; ;5131;5610;3;5;1; ;4;120;10;10;0;10;10;10;10;60; ;60;1; ;2; ;2;2;4;1400;40; ; ; ; ; ; ; ; ; ; ; ; ; ;1;2; ;2; ;2; ;2; ;1;5;2; ;2; ;2; ;1;5;2; ;2; ;2; ;10;1; ;2;2;2;2;2;2;10;7;1;1200; ; ; ;351;1400; ; ; ;2600;2600;2951;1;311.513.428.208.871
2023;4;1;1;2.02E+24;1772003;1;1;1;3;3;1;2; ;2;22;3;3;28;7;2000;1; ; ; ; ; ; ; ; ; ; ; ; ; ; ; ;5131;5610;3;5;1; ;4;500;12;12;12;0;12;12;12;72; ;72;1; ;2; ;2;2;3;650;50; ; ; ; ; ; ; ; ; ; ; ; ; ;1;2; ;2; ;2; ;2; ;1;5;2; ;2; ;2; ;2; ;2; ;2; ;2; ;6;5; ;2;2;2;2;2;2;10;7;1;1500; ; ; ;200;1300; ; ; ;2800;2800;3000;1;311.513.428.208.871
2023;4;1;1;2.02E+24;1772003;1;1;1;4;3;1;2; ;2;16;4;4;6;5;2006;1; ; ; ; ; ; ; ; ; ; ; ; ; ; ; ;5223;4711;9; ;3;2;1;2;5;1;1;1;1;1;3;13; ; ;1; ;1;1; ; ; ; ; ; ; ; ; ; ; ;1; ; ; ; ;5;1;1;2; ;2; ;2; ;2; ;1;5;2; ;2; ;2; ;2; ;2; ;2; ;2; ;5;4; ;2;2;2;2;2;2;10;7;2; ; ; ; ; ; ; ; ; ; ; ; ;1;311.513.428.208.871
2023;4;1;1;2.02E+24;1772003;1;1;1;5;3;1;2; ;2;7; ; ; ; ; ; ; ; ; ; ; ; ; ; ; ; ; ; ; ; ; ; ; ; ; ; ; ; ; ; ; ; ; ; ; ; ; ; ; ; ; ; ; ; ; ; ; ; ; ; ; ; ; ; ; ; ; ; ; ; ; ; ; ; ; ; ; ; ; ; ; ; ; ; ; ; ; ; ; ; ; ; ; ; ; ; ; ; ; ; ; ; ; ; ; ; ; ; ; ; ; ; ; ; ; ; ; ; ; ; ;1; 
2023;4;1;1;2.02E+22;47102;1;44;1;1;1;1;2; ;1;48;1;1;8;7;1974;1; ; ; ; ; ; ; ; ; ; ; ; ; ; ; ;3111;8030;3;5;1; ;5;600;0;8;8;8;8;8;8;48; ;48;1; ;2; ;2;2;4;2500; ; ; ; ; ; ; ; ; ; ; ; ; ; ;1;1;1;2; ;2; ;2; ;2; ;2; ;2; ;2; ;1;1;2; ;2; ;2; ;9;3; ;2;2;2;2;2;2;10;7;1; ; ; ; ;466;2500; ; ; ;2500;2500;2966;1;770.873.220.245.006
2023;4;1;1;2.02E+22;47102;1;44;1;2;2;1;2; ;2;46;2;2;8;6;1976;1; ; ; ; ; ; ; ; ; ; ; ; ; ; ; ;9629;8690;2; ;3;2;1;1;0;0;4;0;4;0;0;8; ;8;1; ;1;1;1;1; ; ; ;433; ; ; ; ; ; ; ; ; ; ; ; ;1;2; ;2; ;2; ;2; ;1;5;2; ;2; ;2; ;1;5;2; ;2; ;2; ;9;3; ;2;2;2;2;2;2;10;1;1; ; ; ; ; ; ;433; ; ;433;433;433;1;673.594.053.487.285
2023;4;1;1;2.02E+22;47102;1;44;1;3;3;1;2; ;2;13; ; ; ; ; ; ; ; ; ; ; ; ; ; ; ; ; ; ; ; ; ; ; ; ; ; ; ; ; ; ; ; ; ; ; ; ; ; ; ; ; ; ; ; ; ; ; ; ; ; ; ; ; ; ; ; ; ; ; ; ; ; ; ; ; ; ; ; ; ; ; ; ; ; ; ; ; ; ; ; ; ; ; ; ; ; ; ; ; ; ; ; ; ; ; ; ; ; ; ; ; ; ; ; ; ; ; ; ; ; ;1; 
2023;4;1;1;2.02E+22;47102;1;44;1;4;3;1;2; ;1;10; ; ; ; ; ; ; ; ; ; ; ; ; ; ; ; ; ; ; ; ; ; ; ; ; ; ; ; ; ; ; ; ; ; ; ; ; ; ; ; ; ; ; ; ; ; ; ; ; ; ; ; ; ; ; ; ; ; ; ; ; ; ; ; ; ; ; ; ; ; ; ; ; ; ; ; ; ; ; ; ; ; ; ; ; ; ; ; ; ; ; ; ; ; ; ; ; ; ; ; ; ; ; ; ; ; ; ; ; ; ;1; 
2023;4;1;1;2.02E+22;20384;1;94;1;1;1;1;2; ;2;72;1;1;2;7;1950;2;2;2;2;2;2;2;2;2;2;2;2;2;2;2;2; ; ; ; ; ; ; ; ; ; ; ; ; ; ; ; ; ; ; ; ; ; ; ; ; ; ; ; ; ; ; ; ; ;2;5;1;1;7; ; ;1;1;4;2; ;2; ;2; ;2; ;2; ;2; ;2; ;2; ;2; ;2; ;2; ;6;5; ;2;2;2;2;2;2;10;7;3; ; ; ; ; ; ; ; ; ; ; ; ;1;706.790.387.942.936
2023;4;1;1;2.02E+22;20384;1;94;1;2;11;1;2; ;1;26;2;2;13;7;1996;1; ; ; ; ; ; ; ; ; ; ; ; ; ; ; ;3123;4100;3;5;2;3;1;5;0;10;10;10;10;10;5;55;9;64;1; ;2; ;2;2;4;1500;15; ; ; ; ;200; ; ; ; ; ; ; ; ;1;2; ;2; ;2; ;2; ;2; ;2; ;2; ;2; ;2; ;2; ;2; ;2; ;11;5; ;2;2;2;2;2;2;10;7;1;450; ; ; ; ;1500; ; ;200;2150;1950;2150;1;946.971.169.619.729
2023;4;1;1;2.02E+24;2733901;1;57;1;1;1;1;2; ;2;31;1;1;29;6;1991;2;2;2;2;2;2;2;2;2;2;2;2;2;2;2;2; ; ; ; ; ; ; ; ; ; ; ; ; ; ; ; ; ; ; ; ; ; ; ; ; ; ; ; ; ; ; ; ; ;2;7;2; ; ; ; ;1;2; ;2; ;2; ;2; ;1;5;2; ;2; ;2; ;2; ;2; ;2; ;2; ;6;5; ;2;2;2;2;2;2;10;7;4; ; ; ; ; ; ; ; ; ; ; ; ;1;855.773.383.633.359
2023;4;1;1;2.02E+24;2733901;1;57;1;2;2;1;2; ;1;37;2;2;10;12;1985;1; ; ; ; ; ; ; ; ; ; ; ; ; ; ; ;9621;4923;3;5;4;3;1;2;0;8;5;5;6;5;7;36; ;40;2;40;2; ;2;2;3;550; ; ; ; ; ; ; ; ; ; ; ; ; ; ;1;2; ;2; ;2; ;2; ;2; ;2; ;2; ;2; ;2; ;2; ;2; ;2; ;6;5; ;2;2;2;2;2;2;10;7;1; ; ; ; ; ;1100; ; ; ;1100;1100;1100;1;862.467.351.773.455
2023;4;1;1;2.02E+24;2733901;1;57;1;3;3;1;2; ;1;8; ; ; ; ; ; ; ; ; ; ; ; ; ; ; ; ; ; ; ; ; ; ; ; ; ; ; ; ; ; ; ; ; ; ; ; ; ; ; ; ; ; ; ; ; ; ; ; ; ; ; ; ; ; ; ; ; ; ; ; ; ; ; ; ; ; ; ; ; ; ; ; ; ; ; ; ; ; ; ; ; ; ; ; ; ; ; ; ; ; ; ; ; ; ; ; ; ; ; ; ; ; ; ; ; ; ; ; ; ; ;1; 
2023;4;1;1;2.02E+24;2733901;1;57;1;4;3;1;2; ;1;0; ; ; ; ; ; ; ; ; ; ; ; ; ; ; ; ; ; ; ; ; ; ; ; ; ; ; ; ; ; ; ; ; ; ; ; ; ; ; ; ; ; ; ; ; ; ; ; ; ; ; ; ; ; ; ; ; ; ; ; ; ; ; ; ; ; ; ; ; ; ; ; ; ; ; ; ; ; ; ; ; ; ; ; ; ; ; ; ; ; ; ; ; ; ; ; ; ; ; ; ; ; ; ; ; ; ; ; ; ; ;1; 
2023;4;1;1;2.02E+24;2733901;1;57;1;5;6;1;2; ;2;51;5;5;25;7;1971;2;2;2;2;2;2;2;2;2;2;2;2;2;2;2;2; ; ; ; ; ; ; ; ; ; ; ; ; ; ; ; ; ; ; ; ; ; ; ; ; ; ; ; ; ; ; ; ; ;2;5;1;2; ; ; ;1;2; ;2; ;2; ;2; ;2; ;2; ;2; ;2; ;2; ;2; ;2; ;2; ;9;3; ;2;2;2;2;2;2;10;7;4; ; ; ; ; ; ; ; ; ; ; ; ;1;643.719.316.600.594
2023;4;1;1;2.02E+24;2733901;1;57;1;6;7;1;2; ;2;30;6;6;9;1;1993;1; ; ; ; ; ; ; ; ; ; ; ; ; ; ; ;7513;1071;2; ;3;2;1;1;0;12;12;12;12;12;12;72; ;72;1; ;1;1;1;2; ; ; ;850;100; ; ; ; ; ; ; ; ; ; ; ;1;2; ;2; ;2; ;2; ;2; ;2; ;2; ;2; ;1;5;2; ;2; ;2; ;6;5; ;2;2;2;2;2;2;10;7;1; ;60; ; ; ; ;850; ; ;910;910;910;1;855.773.383.633.359
2023;4;1;1;2.02E+24;2733901;1;57;1;7;8;1;2; ;2;4; ; ; ; ; ; ; ; ; ; ; ; ; ; ; ; ; ; ; ; ; ; ; ; ; ; ; ; ; ; ; ; ; ; ; ; ; ; ; ; ; ; ; ; ; ; ; ; ; ; ; ; ; ; ; ; ; ; ; ; ; ; ; ; ; ; ; ; ; ; ; ; ; ; ; ; ; ; ; ; ; ; ; ; ; ; ; ; ; ; ; ; ; ; ; ; ; ; ; ; ; ; ; ; ; ; ; ; ; ; ;1; 
2023;4;1;1;2.02E+24;1840701;1;69;1;1;1;1;2; ;2;47;1;2;4;6;1975;1; ; ; ; ; ; ; ; ; ; ; ; ; ; ; ;3221;8610;3;2; ; ;5;1000;5;12;5;0;5;12;5;44; ;44;1; ;2; ;2;2;4;1500; ; ; ; ; ; ; ; ; ; ; ; ; ; ;1;1;1;2; ;2; ;2; ;2; ;2; ;2; ;2; ;1;1;2; ;2; ;2; ;9;3; ;2;2;2;2;2;2;10;7;1; ; ; ; ;113;1500; ; ; ;1500;1500;1613;1;439.887.831.138.892
2023;4;1;1;2.02E+24;1840701;1;69;1;2;3;1;2; ;1;18;2;2;18;4;2004;1; ; ; ; ; ; ; ; ; ; ; ; ; ; ; ;5131;5610;3;5;4;3;1;5;8;0;0;0;0;8;8;24; ;24;1; ;2; ;2;2;2;150;10; ; ; ; ; ; ; ; ; ; ; ; ; ;2;2; ;2; ;2; ;2; ;1;5;2; ;2; ;2; ;2; ;2; ;2; ;2; ;6;5; ;2;2;2;2;2;2;10;7;1;300; ; ; ; ;650; ; ; ;950;950;950;1;568.431.986.739.483
2023;4;1;1;2.02E+24;1840701;1;69;1;3;3;1;2; ;2;12; ; ; ; ; ; ; ; ; ; ; ; ; ; ; ; ; ; ; ; ; ; ; ; ; ; ; ; ; ; ; ; ; ; ; ; ; ; ; ; ; ; ; ; ; ; ; ; ; ; ; ; ; ; ; ; ; ; ; ; ; ; ; ; ; ; ; ; ; ; ; ; ; ; ; ; ; ; ; ; ; ; ; ; ; ; ; ; ; ; ; ; ; ; ; ; ; ; ; ; ; ; ; ; ; ; ; ; ; ; ;1; 
2023;4;1;1;2.02E+24;1752902;1;41;1;1;1;1;2; ;2;60;1;1;15;9;1962;1; ; ; ; ; ; ; ; ; ; ; ; ; ; ; ;9612;3811;2; ;3;2;1;1;5;5;6;5;5;5;6;37; ;37;1; ;2; ;2;2; ; ; ; ; ; ; ; ; ; ; ; ; ; ; ; ;1;2; ;2; ;2; ;2; ;1;5;2; ;2; ;2; ;2; ;2; ;2; ;2; ;1; ; ;2;2;2;2;2;2;10;9;1; ; ; ; ; ; ;400; ; ;400;400;400;1;5.409.598.404.712
2023;4;1;1;2.02E+22;27364;1;17;1;1;1;1;2; ;1;42;1;1;24;9;1980;2;2;2;2;2;2;2;2;2;2;2;2;2;2;2;2; ; ; ; ; ; ; ; ; ; ; ; ; ; ; ; ; ; ; ; ; ; ; ; ; ; ; ; ; ; ; ; ; ;2;1; ; ; ; ;8;1;2; ;1;2;2; ;2; ;2; ;2; ;2; ;2; ;1;5;2; ;2; ;2; ;12;2; ;2;2;2;2;2;2;10;7;2; ; ; ; ; ; ; ; ; ; ; ; ;1;188.478.397.427.919
2023;4;1;1;2.02E+22;27364;1;17;1;2;2;1;2; ;2;43;2;1;25;7;1979;1; ; ; ; ; ; ; ; ; ; ; ; ; ; ; ;2421;4773;1; ;1; ;1;2;0;6;6;6;6;6;0;30; ;30;1; ;2; ;2;2; ; ; ;4000; ; ; ; ; ; ; ; ; ; ; ; ;1;1;2;1;2;2; ;2; ;2; ;2; ;2; ;2; ;2; ;1;2;2; ;2; ;11;5; ;2;2;2;2;2;2;10;7;1; ; ; ; ; ; ;4000; ; ;4000;4000;4000;1;18.701.553.812.677
2023;4;1;1;2.02E+22;27364;1;17;1;3;3;1;2; ;1;1; ; ; ; ; ; ; ; ; ; ; ; ; ; ; ; ; ; ; ; ; ; ; ; ; ; ; ; ; ; ; ; ; ; ; ; ; ; ; ; ; ; ; ; ; ; ; ; ; ; ; ; ; ; ; ; ; ; ; ; ; ; ; ; ; ; ; ; ; ; ; ; ; ; ; ; ; ; ; ; ; ; ; ; ; ; ; ; ; ; ; ; ; ; ; ; ; ; ; ; ; ; ; ; ; ; ; ; ; ; ;1; 
2023;4;1;1;2.02E+24;2443303;1;25;1;1;1;1;2; ;2;40;1;1;9;8;1982;2;2;2;2;2;2;2;2;2;2;2;2;2;2;2;2; ; ; ; ; ; ; ; ; ; ; ; ; ; ; ; ; ; ; ; ; ; ; ; ; ; ; ; ; ; ; ; ; ;2;5;2; ; ; ; ;1;2; ;2; ;2; ;2; ;1;5;2; ;2; ;2; ;2; ;2; ;2; ;2; ;6;5; ;2;2;2;2;2;2;10;7;4; ; ; ; ; ; ; ; ; ; ; ; ;1;758.118.253.167.868
2023;4;1;1;2.02E+24;2443303;1;25;1;2;2;1;2; ;1;48;2;2;22;1;1975;1; ; ; ; ; ; ; ; ; ; ; ; ; ; ; ;7422;4321;3;5;1; ;1;6;0;8;8;8;8;8;5;45; ;45;1; ;2; ;2;2;2;500;180; ; ; ; ; ; ; ; ; ; ; ; ; ;1;1;1;2; ;2; ;2; ;2; ;2; ;2; ;2; ;1;1;2; ;2; ;2; ;6;5; ;2;2;2;2;2;2;10;7;1;780; ; ; ; ;2165; ; ; ;2945;2945;2945;1;652.618.580.261.255
2023;4;1;1;2.02E+24;2443303;1;25;1;3;3;1;2; ;1;22;3;3;19;2;2001;1; ; ; ; ; ; ; ; ; ; ; ; ; ; ; ;9621;1104;3;5;1; ;5;5000;0;10;9;11;8;10;9;57; ;57;1; ;2; ;2;2;4;1800;3; ; ; ; ; ; ; ; ; ; ; ; ; ;1;1;1;2; ;2; ;2; ;2; ;2; ;2; ;2; ;1;1;2; ;2; ;2; ;6;5; ;2;2;2;2;2;2;10;7;1;90; ; ; ;333;1800; ; ; ;1890;1890;2223;1;736.904.621.844.701
2023;4;1;1;2.02E+24;2443303;1;25;1;4;3;1;2; ;1;10; ; ; ; ; ; ; ; ; ; ; ; ; ; ; ; ; ; ; ; ; ; ; ; ; ; ; ; ; ; ; ; ; ; ; ; ; ; ; ; ; ; ; ; ; ; ; ; ; ; ; ; ; ; ; ; ; ; ; ; ; ; ; ; ; ; ; ; ; ; ; ; ; ; ; ; ; ; ; ; ; ; ; ; ; ; ; ; ; ; ; ; ; ; ; ; ; ; ; ; ; ; ; ; ; ; ; ; ; ; ;1; 
2023;4;1;1;2.02E+24;2443303;1;25;1;5;3;1;2; ;2;2; ; ; ; ; ; ; ; ; ; ; ; ; ; ; ; ; ; ; ; ; ; ; ; ; ; ; ; ; ; ; ; ; ; ; ; ; ; ; ; ; ; ; ; ; ; ; ; ; ; ; ; ; ; ; ; ; ; ; ; ; ; ; ; ; ; ; ; ; ; ; ; ; ; ; ; ; ; ; ; ; ; ; ; ; ; ; ; ; ; ; ; ; ; ; ; ; ; ; ; ; ; ; ; ; ; ; ; ; ; ;1; 
2023;4;1;1;2.02E+24;2322301;1;37;1;1;1;1;2; ;2;41;1;1;31;8;1981;2;2;2;2;2;2;2;2;2;2;2;2;2;2;2;2; ; ; ; ; ; ; ; ; ; ; ; ; ; ; ; ; ; ; ; ; ; ; ; ; ; ; ; ; ; ; ; ; ;2;7;2; ; ; ; ;1;2; ;2; ;2; ;2; ;1;5;2; ;2; ;2; ;2; ;2; ;2; ;2; ;3; ;1;2;2;2;2;2;2;10;7;4; ; ; ; ; ; ; ; ; ; ; ; ;1;490.436.496.774.747
2023;4;1;1;2.02E+24;2322301;1;37;1;2;3;1;2; ;2;14;2;2;3;4;2008;2;2;2;2;2;2;2;2;2;2;2;2;2;2;2;2; ; ; ; ; ; ; ; ; ; ; ; ; ; ; ; ; ; ; ; ; ; ; ; ; ; ; ; ; ; ; ; ; ;2;4;2; ; ; ; ;2;2; ;2; ;2; ;2; ;1;5;2; ;2; ;2; ;2; ;2; ;2; ;2; ;5;1; ;2;2;2;2;2;2;10;7;4; ; ; ; ; ; ; ; ; ; ; ; ;1;513.515.553.030.083
2023;4;1;1;2.02E+24;2322301;1;37;1;3;3;1;2; ;2;14;3;3;24;3;2009;2;2;2;2;2;2;2;2;2;2;2;2;2;2;2;2; ; ; ; ; ; ; ; ; ; ; ; ; ; ; ; ; ; ; ; ; ; ; ; ; ; ; ; ; ; ; ; ; ;2;4;2; ; ; ; ;2;2; ;2; ;2; ;2; ;1;5;2; ;2; ;2; ;2; ;2; ;2; ;2; ;5;1; ;2;2;2;2;2;2;10;7;4; ; ; ; ; ; ; ; ; ; ; ; ;1;513.515.553.030.083
2023;4;1;1;2.02E+24;2322301;1;37;1;4;3;1;2; ;2;11; ; ; ; ; ; ; ; ; ; ; ; ; ; ; ; ; ; ; ; ; ; ; ; ; ; ; ; ; ; ; ; ; ; ; ; ; ; ; ; ; ; ; ; ; ; ; ; ; ; ; ; ; ; ; ; ; ; ; ; ; ; ; ; ; ; ; ; ; ; ; ; ; ; ; ; ; ; ; ; ; ; ; ; ; ; ; ; ; ; ; ; ; ; ; ; ; ; ; ; ; ; ; ; ; ; ; ; ; ; ;1; 
2023;4;1;1;2.02E+24;2322301;1;37;1;5;3;1;2; ;2;6; ; ; ; ; ; ; ; ; ; ; ; ; ; ; ; ; ; ; ; ; ; ; ; ; ; ; ; ; ; ; ; ; ; ; ; ; ; ; ; ; ; ; ; ; ; ; ; ; ; ; ; ; ; ; ; ; ; ; ; ; ; ; ; ; ; ; ; ; ; ; ; ; ; ; ; ; ; ; ; ; ; ; ; ; ; ; ; ; ; ; ; ; ; ; ; ; ; ; ; ; ; ; ; ; ; ; ; ; ; ;1; 
2023;4;1;1;2.02E+22;26325;1;123;1;1;1;1;2; ;2;65;1;1;8;2;1958;2;2;2;2;2;2;2;2;2;2;2;2;2;2;2;2; ; ; ; ; ; ; ; ; ; ; ; ; ; ; ; ; ; ; ; ; ; ; ; ; ; ; ; ; ; ; ; ; ;1; ; ; ; ;5;8;1;1;3;2; ;2; ;2; ;2; ;2; ;2; ;2; ;1;3;2; ;2; ;2; ;12;2; ;1;2;2;2;2;2;10;7;2; ; ; ; ; ; ; ; ; ; ; ; ;1;830.228.928.140.064
2023;4;1;1;2.02E+22;22733;1;2;1;1;1;1;2; ;1;72;1;1;19;9;1950;1; ; ; ; ; ; ; ; ; ; ; ; ; ; ; ;9612;3811;2; ;3;2;1;2;8;6;7;6;6;8;0;41; ;41;1; ;1;1;1;2; ; ; ;300; ; ; ; ; ; ; ; ; ; ; ; ;1;2; ;2; ;2; ;2; ;1;5;2; ;2; ;2; ;2; ;2; ;2; ;2; ;4;5; ;2;2;2;2;2;2;2;2;1; ; ; ; ; ; ;300; ; ;300;300;300;1;152.951.862.894.468
2023;4;1;1;2.02E+22;22733;1;2;1;2;2;1;2; ;2;63;2;2;2;11;1959;1; ; ; ; ; ; ; ; ; ; ; ; ; ; ; ;9612;3811;4; ;3;2;1;2;5;0;0;0;0;0;0;5; ; ;1; ;2; ; ; ; ; ; ; ; ; ; ; ; ;2;7;1;2; ; ; ;1;2; ;2; ;2; ;2; ;1;5;2; ;2; ;2; ;2; ;2; ;2; ;2; ;4;5; ;2;2;2;2;2;2;2;2;4; ; ; ; ; ; ; ; ; ; ; ; ;1;133.650.336.540.126
2023;4;1;1;2.02E+22;22733;1;2;1;3;3;1;2; ;2;46;3;3;4;8;1976;1; ; ; ; ; ; ; ; ; ; ; ; ; ; ; ;9612;3811;2; ;3;2;1;1;3;3;3;3;3;4;0;19;10;29;1; ;2; ;2;2; ; ; ;50; ; ; ;150; ; ; ; ; ; ; ; ;1;2; ;2; ;2; ;2; ;1;5;2; ;2; ;2; ;2; ;2; ;2; ;2; ;5;4; ;2;2;2;2;2;2;2;2;1; ; ; ; ; ; ;150; ;150;300;150;300;1;133.650.336.540.126
2023;4;1;1;2.02E+22;22733;1;2;1;4;3;1;2; ;2;41;4;4;15;2;1982;1; ; ; ; ; ; ; ; ; ; ; ; ; ; ; ;9541;4789;2; ;3;2;1;1;0;3;3;3;3;5;0;17; ;17;1; ;1;1;1;2; ; ; ;500; ; ; ; ; ; ; ; ; ; ; ; ;1;2; ;2; ;2; ;2; ;1;5;2; ;2; ;2; ;2; ;2; ;2; ;2; ;6;5; ;2;2;2;2;2;2;2;2;1; ; ; ; ; ; ;433; ; ;433;433;433;1;177.677.440.734.075
2023;4;1;1;2.02E+22;19587;1;51;1;1;1;1;1; ;1;50; ; ; ; ; ; ; ; ; ; ; ; ; ; ; ; ; ; ; ; ; ; ; ; ; ; ; ; ; ; ; ; ; ; ; ; ; ; ; ; ; ; ; ; ; ; ; ; ; ; ; ; ; ; ; ; ; ; ; ; ; ; ; ; ; ; ; ; ; ; ; ; ; ; ; ; ; ; ; ; ; ; ; ; ; ; ; ; ; ; ; ; ; ; ; ; ; ; ; ; ; ; ; ; ; ; ; ; ; ; ;0; 
2023;4;1;1;2.02E+22;19587;1;51;1;3;3;1;2; ;2;20;3;3;9;1;2003;2;2;2;2;2;2;2;2;2;2;2;2;1;2;2; ;5223;4711;4; ;3;2;1;2;3;0;0;0;0;0;2;5; ; ;1; ;2; ; ; ; ; ; ; ; ; ; ; ; ;2;4;2; ; ; ; ;2;2; ;2; ;2; ;2; ;1;5;2; ;2; ;2; ;2; ;2; ;2; ;2; ;10;1; ;2;2;2;2;2;2;10;7;4; ; ; ; ; ; ; ; ; ; ; ; ;1;993.440.860.638.116
2023;4;1;1;2.02E+22;19587;1;51;1;4;3;1;2; ;2;12; ; ; ; ; ; ; ; ; ; ; ; ; ; ; ; ; ; ; ; ; ; ; ; ; ; ; ; ; ; ; ; ; ; ; ; ; ; ; ; ; ; ; ; ; ; ; ; ; ; ; ; ; ; ; ; ; ; ; ; ; ; ; ; ; ; ; ; ; ; ; ; ; ; ; ; ; ; ; ; ; ; ; ; ; ; ; ; ; ; ; ; ; ; ; ; ; ; ; ; ; ; ; ; ; ; ; ; ; ; ;1; 
